post_id;text;date;likes;owner_id;is_video;by_tag
Bo3gCLugsi8;"–ú–∞—Å—Ç–µ—Ä-–∫–ª–∞—Å—Å—ã, –°–∞–Ω–∫—Ç-–ü–µ—Ç–µ—Ä–±—É—Ä–≥!
–ü–æ–∫–∞ –ø–æ–≤—Ç–æ—Ä —Å—Ç–∞—Ä—ã—Ö —Ç–µ–º, –ø–æ–∑–∂–µ –±—É–¥—É—Ç –Ω–æ–≤–æ–≥–æ–¥–Ω–∏–µ —Ç–µ–º—ã –∏ –Ω–æ–≤—ã–µ –º–∞—Å—Ç–µ—Ä-–∫–ª–∞—Å—Å—ã.
.
19 –æ–∫—Ç—è–±—Ä—è(–ø—è—Ç–Ω–∏—Ü–∞-—É—Ç—Ä–æ)
–ú–ö-–ø–∞–Ω–Ω–æ""–≠–ì–õ–û–ú–ò–ó–ï""
.
20 –æ–∫—Ç—è–±—Ä—è(—Å—É–±–±–æ—Ç–∞-—É—Ç—Ä–æ)
–ú–ö-""–ò–ú–ò–¢–ê–¶–ò–Ø –®–ü–û–ù–ê""
.
26 –æ–∫—Ç—è–±—Ä—è(–ø—è—Ç–Ω–∏—Ü–∞-—É—Ç—Ä–æ)
–ú–ö-""–ü–ï–†–õ–ê–ú–£–¢–†–û–í–ê–Ø –ú–û–ó–ê–ò–ö–ê""
.
27 –æ–∫—Ç—è–±—Ä—è(—Å—É–±–±–æ—Ç–∞-—É—Ç—Ä–æ)
–ú–ö-""–®–ö–ê–¢–£–õ–ö–ê –í –°–¢–ò–õ–ï –ë–£–õ–¨""
.
–ü–æ –≤–æ–ø—Ä–æ—Å–∞–º, –ø–∏—à–µ–º –≤ –¥–∏—Ä–µ–∫—Ç üëçüòÄ
...
..
.
#antonovairina #–∞–Ω—Ç–æ–Ω–æ–≤–∞–∏—Ä–∏–Ω–∞ #–∞–Ω—Ç–æ–Ω–æ–≤—Å–∫–∏–π–¥–µ–∫–æ—Ä #–º–∞—Å—Ç–µ—Ä–∫–ª–∞—Å—Å–∞–Ω—Ç–æ–Ω–æ–≤–æ–π #–∏–º–∏—Ç–∞—Ü–∏—è—à–ø–æ–Ω–∞ #–ø–µ—Ä–ª–∞–º—É—Ç—Ä–æ–≤–∞—è–º–æ–∑–∞–∏–∫–∞ #–Ω–∞—Ç—É—Ä–∞–ª—å–Ω—ã–π–ø–µ—Ä–ª–∞–º—É—Ç—Ä #—Å—Ç–∏–ª—å–±—É–ª—å #—à–∫–∞—Ç—É–ª–∫–∞–≤—Å—Ç–∏–ª–µ–±—É–ª—å #–±—É–ª—å #—ç–≥–ª–æ–º–∏–∑–µ #–∏–º–∏—Ç–∞—Ü–∏—è—ç–≥–ª–æ–º–∏–∑–µ";1539420609;129;4776935777;False;–º–∞—Å—Ç–µ—Ä–∫–ª–∞—Å—Å–∞–Ω—Ç–æ–Ω–æ–≤–æ–π
BoEJvZygFhb;"–ö–∞–∫ –ø–æ–¥–æ–±—Ä–∞—Ç—å —Ü–≤–µ—Ç–æ–≤—É—é –ø–∞–ª–∏—Ç—Ä—É –∫ –æ—Å–Ω–æ–≤–Ω–æ–º—É –º–æ—Ç–∏–≤—É‚ùìüé®
.
–†–∞—Å—Å–º–æ—Ç—Ä–∏–º –æ—Å–Ω–æ–≤–Ω—ã–µ 2 –ø—Ä–∏–µ–º–∞. 
–ú–æ–∂–Ω–æ –æ–±—Ä–∞—Ç–∏—Ç—å—Å—è –∫ —Å–ø–µ—Ü.—Å–∞–π—Ç–∞–º –∏ –ø—Ä–æ–≥—Ä–∞–º–º–∞–º –ø–æ –ø–æ–¥–±–æ—Ä—É —Ü–≤–µ—Ç–∞. –≠—Ç–æ —Å–∞–º—ã–π –ª–µ–≥–∫–∏–π —Å–ø–æ—Å–æ–± —Ä–∞–∑–±–∏—Ç—å –∏–∑–æ–±—Ä–∞–∂–µ–Ω–∏–µ –Ω–∞ –æ—Å–Ω–æ–≤–Ω—ã–µ —Ü–≤–µ—Ç–æ–≤—ã–µ —Å–æ—Å—Ç–∞–≤–ª—è—é—â–∏–µ. –¢—É—Ç –∫–∞–∫ –±—ã –∏ –≥–æ–ª–æ–≤—É –≤–∫–ª—é—á–∞—Ç—å –Ω–µ –Ω–∞–¥–æ, –ù–û‚òùüò®, –∫–∞–∫ —Ä–∞–±–æ—Ç–∞—Ç—å –¥–∞–ª—å—à–µ —Å –ø–æ–¥–æ–±—Ä–∞–Ω–Ω—ã–º–∏ –ø—Ä–æ–≥—Ä–∞–º–º–æ–π –≤—ã–∫—Ä–∞—Å–∫–∞–º–∏?  –ö–∞–∫ –∏–∑ –≤—Å–µ—Ö –±–∞–Ω–æ–∫ —Å –∫—Ä–∞—Å–∫–∞–º–∏ –Ω–∞–º–µ—à–∞—Ç—å –Ω—É–∂–Ω—ã–π –æ—Ç—Ç–µ–Ω–æ–∫?
.
–ù–µ–∫–æ—Ç–æ—Ä—ã–µ –ø—Ä–æ–≥—Ä–∞–º–º—ã —Å–º–æ–≥—É—Ç –¥–∞–∂–µ –≤ –ø—Ä–æ—Ü–µ–Ω—Ç–Ω—ã—Ö —Å–æ–æ—Ç–Ω–æ—à–µ–Ω–∏—è—Ö –≤—ã–¥–∞—Ç—å –≤–∞–º —Å–∫–æ–ª—å–∫–æ ""–≤–µ—à–∞—Ç—å –≤ –≥—Ä–∞–º–º–∞—Ö"", –ù–û‚òùüò®, –∞ —Ç–æ—Ç –ª–∏ –æ—Ç—Ç–µ–Ω–æ–∫ —Ü–≤–µ—Ç–∞ —É –≤–∞—Å –≤ —Ä—É–∫–∞—Ö —á—Ç–æ–±—ã –µ–≥–æ –∑–∞–º–µ—à–∏–≤–∞—Ç—å? –£ –∫–∞–∂–¥–æ–≥–æ –ø—Ä–æ–∏–∑–≤–æ–¥–∏—Ç–µ–ª—è —Å–≤–æ–π ""—á–µ—Ä–Ω—ã–π —Ü–≤–µ—Ç"".
.
–ï—Å—Ç—å –≤—Ç–æ—Ä–æ–π —Å–ø–æ—Å–æ–±, –ø–æ —Å—Ç–∞—Ä–∏–Ω–∫–µ(–º–æ–π –ª—é–±–∏–º—ã–π)üëâ""–º–µ—Ç–æ–¥ —Ç—ã–∫–∞""! üòÄ
–¢—É—Ç –≤—Å–µ –ø—Ä–æ—Å—Ç–æ, –∫–∞–∫ –≤ –¥–µ—Ç—Å—Ç–≤–µ... –Ø –Ω–µ —É—Å–ª–æ–∂–Ω—è—é —Å–µ–±–µ –∂–∏–∑–Ω—å üòÄ –ë–µ—Ä–µ–º –≤—Å–µ –∫—Ä–∞—Å–∫–∏ –∏ –∑–∞–º–µ—à–∏–≤–∞–µ–º –Ω–∞ –º–µ—Å—Ç–µ, –≥–ª—è–¥—è –Ω–∞ –æ—Å–Ω–æ–≤–Ω–æ–π –º–æ—Ç–∏–≤ —Ä–∞–∑–±–∏–≤–∞—è(–∫–∞–∫ –ø—Ä–æ–≥—Ä–∞–º–º–∞),–µ–≥–æ –Ω–∞ –≥–ª–∞–≤–Ω—ã–µ —Ü–≤–µ—Ç–æ–≤—ã–µ –∞–∫—Ü–µ–Ω—Ç—ã(–ø–æ–∫–∞ –∏—Å–∫–ª—é—á–∞—è –ø–æ–ª—É—Ç–æ–Ω–∞). .
–≠—Ç–æ —Å–ª–æ–∂–Ω–æ –æ–±—ä—è—Å–Ω–∏—Ç—å –≤ –≤–∏—Ä—Ç—É–∞–ª—å–Ω–æ–º —Ä–µ–∂–∏–º–µ, –∫–∞–∂–¥–æ–µ —Å–æ–∑–Ω–∞–Ω–∏–µ –¥–æ–¥—É–º–∞–µ—Ç —Å–≤–æ–µ –∏ –≤–æ–∑–º–æ–∂–Ω–æ –Ω–µ –≤–µ—Ä–Ω–æ–µ.üò≤
.
–ù–æ –≤ –æ–¥–Ω–æ–π –∏–∑ —Å–µ—Ä–∏–π –º–æ–µ–≥–æ –æ–Ω–ª–∞–π–Ω-–∫—É—Ä—Å–∞(–∫–æ—Ç–æ—Ä—ã–π —Å—Ç–∞—Ä—Ç–æ–≤–∞–ª –Ω–∞ –¥–Ω—è—Ö), —è –ø–æ—Å—Ç–∞—Ä–∞—é—Å—å –Ω–∞–≥–ª—è–¥–Ω–æ —ç—Ç–æ –æ–±—ä—è—Å–Ω–∏—Ç—å –∏ –ø–æ–∫–∞–∑–∞—Ç—å(–Ω—É –∫–∞–∫ —Å–º–æ–≥—É) üòÉ –ü–æ–ø—Ä–æ–±—É–µ–º –≤–º–µ—Å—Ç–µ —Å–¥–µ–ª–∞—Ç—å –∫–∞–∑–∞–ª–æ—Å—å –±—ã, –Ω–µ–≤–æ–∑–º–æ–∂–Ω–æ–µ üòÅ
.
–ê –∫–∞–∫ –ø–æ–¥–±–∏—Ä–∞–µ—Ç–µ —Ü–≤–µ—Ç–∞ –≤—ã? –ò –µ—Å—Ç—å –ª–∏ —É –≤–∞—Å –ª—é–±–∏–º—ã–µ —Å–æ—á–µ—Ç–∞–Ω–∏—è –¥–æ–º–∏–Ω–∏—Ä—É—é—â–∏–µ –≤ –≤–∞—à–µ–º —Ç–≤–æ—Ä—á–µ—Å—Ç–≤–µ?
.
–ü–æ –≤—Å–µ–º –≤–æ–ø—Ä–æ—Å–∞–º –≤ –¥–∏—Ä–µ–∫—Ç üòÄüëâ
...
..
.
#–∞–Ω—Ç–æ–Ω–æ–≤–∞–∏—Ä–∏–Ω–∞ #–∞–Ω—Ç–æ–Ω–æ–≤–∞–±–æ–ª—Ç–∞–µ—Ç #antonovairina #–∞–≤—Ç–æ—Ä—Å–∫–∏–π–¥–µ–∫–æ—Ä #–¥–µ–∫—É–ø–∞–∂ #–º–∞—Å—Ç–µ—Ä–∫–ª–∞—Å—Å–∞–Ω—Ç–æ–Ω–æ–≤–æ–π  #–æ–Ω–ª–∞–π–Ω–∫—É—Ä—Å–∞–Ω—Ç–æ–Ω–æ–≤–æ–π";1537697645;160;4776935777;False;–º–∞—Å—Ç–µ—Ä–∫–ª–∞—Å—Å–∞–Ω—Ç–æ–Ω–æ–≤–æ–π
Bp3wBOmhvnJ;"–ú–û–°–ö–í–ê!  –ï—Å—Ç—å –µ—â–µ –º–µ—Å—Ç–∞ –Ω–∞ –º–∞—Å—Ç–µ—Ä-–∫–ª–∞—Å—Å ""–ù–æ–≤–æ–≥–æ–¥–Ω–∏–π —Ç–µ–∫—Å—Ç–∏–ª—å–Ω—ã–π —à–∞—Ä –≤ —Å—Ç–∏–ª–µ –ú–∞–∫–∫–µ–Ω–∑–∏"", –Ω–∞ —Å—É–±–±–æ—Ç—É 24 –Ω–æ—è–±—Ä—è –≤ 17:00.
–î–æ–±–∏—Ä–∞–µ–º –≤—Ç–æ—Ä—É—é –≥—Ä—É–ø–ø—É. üëçüòÄ
–¶–µ–Ω–∞: 4300 —Ä.
.
–ü–æ–≤—Ç–æ—Ä—è—Ç—Å—è –ú–ö –≤ —ç—Ç–æ–º –≥–æ–¥—É —É–∂–µ –Ω–µ –±—É–¥–µ—Ç! –£—Å–ø–µ–π—Ç–µ –≤ —ç—Ç–æ–º!
.
–ó–∞–ø–∏—Å–∞—Ç—å—Å—è –º–æ–∂–Ω–æ –ø–æ –º–æ—Å–∫–æ–≤—Å–∫–æ–º—É —Ç–µ–ª–µ—Ñ–æ–Ω—É: 8-967-173-06-63 –ò—Ä–∏–Ω–∞. 
–í—Å–µ –≤–æ–ø—Ä–æ—Å—ã –≤ –¥–∏—Ä–µ–∫—Ç üå∑
...
..
.
#–∞–Ω—Ç–æ–Ω–æ–≤—Å–∫–∏–π–¥–µ–∫–æ—Ä #–∞–Ω—Ç–æ–Ω–æ–≤–∞–∏—Ä–∏–Ω–∞ #antonovairina #–¥–µ–∫–æ—Ä #–Ω–æ–≤–æ–≥–æ–¥–Ω–∏–π—à–∞—Ä #—Ç–µ–∫—Å—Ç–∏–ª—å–Ω—ã–π—à–∞—Ä #–º–∞—Å—Ç–µ—Ä–∫–ª–∞—Å—Å–º–æ—Å–∫–≤–∞ #–º–∞—Å—Ç–µ—Ä–∫–ª–∞—Å—Å–∞–Ω—Ç–æ–Ω–æ–≤–æ–π #–µ–ª–æ—á–Ω–æ–µ—É–∫—Ä–∞—à–µ–Ω–∏–µ";1541576474;120;4776935777;False;–º–∞—Å—Ç–µ—Ä–∫–ª–∞—Å—Å–∞–Ω—Ç–æ–Ω–æ–≤–æ–π
Bp81xfFhoDN;"–î—Ä—É–∑—å—è! –ú–æ—Å–∫–≤–∞! 
–ü–æ –ø—Ä–æ—Å—å–±–µ –¥–µ–≤–æ—á–µ–∫ –∏–∑ –¥—Ä—É–≥–∏—Ö –≥–æ—Ä–æ–¥–æ–≤, –∫–æ—Ç–æ—Ä—ã–µ –≤ —Å–≤–æ–µ –≤—Ä–µ–º—è –Ω–µ –ø–æ–ø–∞–ª–∏ –Ω–∞ —ç—Ç–∏ –º–∞—Å—Ç–µ—Ä-–∫–ª–∞—Å—Å—ã, —Ä–µ—à–∏–ª–∞ –ø—Ä–æ–≤–µ—Å—Ç–∏ –¥–æ–ø–æ–ª–Ω–∏—Ç–µ–ª—å–Ω–æ–µ —Å–±–æ—Ä–Ω–æ–µ –∑–∞–Ω—è—Ç–∏–µ. 
25.11.2018
—Å 15:00 –∏ –¥–æ....
.
–ü—Ä–æ–π–¥—É—Ç –º–∞—Å—Ç–µ—Ä-–∫–ª–∞—Å—Å—ã:
1.–Ω–æ–≤–æ–≥–æ–¥–Ω–∏–π –ø–æ–¥–≤–µ—Å""–î–∞–Ω—å –≤—Ä–µ–º–µ–Ω–∏""-—á–∞—Å–∏–∫–∏ –¥–µ–∫–æ—Ä–∞—Ç–∏–≤–Ω—ã–µ, –æ–Ω–∏ –Ω–µ —Ö–æ–¥—è—Ç. 
–¶–µ–Ω–∞: 4000 —Ä
.
2. –ü–æ–¥–Ω–æ—Å —ç–≥–ª–æ–º–∏–∑–µ –≤ —Å—Ç–∏–ª–µ –®–∏–Ω—É–∞–∑—Ä–∏. 
–¶–µ–Ω–∞: 4600 —Ä
.
3.–µ–ª–æ—á–Ω–æ–µ —É–∫—Ä–∞—à–µ–Ω–∏–µ ""–®–∞—Ä –∑–µ—Ä–∫–∞–ª—å–Ω—ã–π"" 
–¶–µ–Ω–∞: 4000 —Ä
.
–¢–µ–ª–µ—Ñ–æ–Ω –¥–ª—è —Å–≤—è–∑–∏: 8-967-173-06-63 –ò—Ä–∏–Ω–∞.
...
..
.
#–∞–Ω—Ç–æ–Ω–æ–≤–∞–∏—Ä–∏–Ω–∞ #antonovairina #–º–∞—Å—Ç–µ—Ä–∫–ª–∞—Å—Å–∞–Ω—Ç–æ–Ω–æ–≤–æ–π #–º–∞—Å—Ç–µ—Ä–∫–ª–∞—Å—Å–º–æ—Å–∫–≤–∞ #–º–∞—Å—Ç–µ—Ä–∫–ª–∞—Å—Å—ã—Ä–∞—Å–ø–∏—Å–∞–Ω–∏–µ #–®–∏–Ω—É–∞–∑—Ä–∏ #—ç–≥–ª–æ–º–∏–∑–µ #–∑–µ—Ä–∫–∞–ª—å–Ω—ã–π—à–∞—Ä #–¥–µ–∫–æ—Ä
#–¥–µ–∫—É–ø–∞–∂
#–∞–≤—Ç–æ—Ä—Å–∫–∏–π–¥–µ–∫–æ—Ä
#–∞–≤—Ç–æ—Ä—Å–∫–∏–π–¥–µ–∫–æ—Ä–∞–Ω—Ç–æ–Ω–æ–≤–æ–π";1541747263;57;4776935777;False;–º–∞—Å—Ç–µ—Ä–∫–ª–∞—Å—Å–∞–Ω—Ç–æ–Ω–æ–≤–æ–π
BpFG9M2gNOw;"–°–∞–Ω–∫—Ç-–ü–µ—Ç–µ—Ä–±—É—Ä–≥! 
26 –æ–∫—Ç—è–±—Ä—è, –º–∞—Å—Ç–µ—Ä-–∫–ª–∞—Å—Å""–ü–µ—Ä–ª–∞–º—É—Ç—Ä–æ–≤–∞—è —à–∫–∞—Ç—É–ª–∫–∞""
–ù–∞—á–∞–ª–æ –≤ 11:00
–¶–µ–Ω–∞: 3300 —Ä—É–±.
.
–†–∞–±–æ—Ç–∞ —Å –Ω–∞—Ç—É—Ä–∞–ª—å–Ω—ã–º –ø–µ—Ä–ª–∞–º—É—Ç—Ä–æ–º‚òù,–Ω–∞–±–æ—Ä –º–æ–∑–∞–∏–∫–∏ –Ω–∞ –æ–∫—Ä—É–≥–ª—É—é —Ñ–æ—Ä–º—É —É–¥–æ–±–Ω—ã–º –∏ –±—ã—Å—Ç—Ä—ã–º —Å–ø–æ—Å–æ–±–æ–º. üòÄ
.
–î–∞–ª–µ–µ –≤ –∫–∞—Ä—É—Å–µ–ª–∏ —Ä–∞–±–æ—Ç—ã –¥–ª—è –ø—Ä–∏–º–µ—Ä–∞.üòÉ
...
..
.
#–∞–Ω—Ç–æ–Ω–æ–≤—Å–∫–∏–π–¥–µ–∫–æ—Ä #–∞–Ω—Ç–æ–Ω–æ–≤–∞–∏—Ä–∏–Ω–∞ #antonovairina #–º–∞—Å—Ç–µ—Ä–∫–ª–∞—Å—Å–∞–Ω—Ç–æ–Ω–æ–≤–æ–π #–ø–µ—Ä–ª–∞–º—É—Ç—Ä–æ–≤–∞—è–º–æ–∑–∞–∏–∫–∞ #–Ω–∞—Ç—É—Ä–∞–ª—å–Ω—ã–π–ø–µ—Ä–ª–∞–º—É—Ç—Ä #–¥–µ–∫—É–ø–∞–∂ #–¥–µ–∫–æ—Ä #–∞–≤—Ç–æ—Ä—Å–∫–∞—è—à–∫–∞—Ç—É–ª–∫–∞
#–∞–≤—Ç–æ—Ä—Å–∫–∏–π–¥–µ–∫–æ—Ä";1539877224;172;4776935777;False;–º–∞—Å—Ç–µ—Ä–∫–ª–∞—Å—Å–∞–Ω—Ç–æ–Ω–æ–≤–æ–π
BpHMGzogppm;"27 –æ–∫—Ç—è–±—Ä—è. –°–∞–Ω–∫—Ç-–ü–µ—Ç–µ—Ä–±—É—Ä–≥.
–ú–ö -—à–∫–∞—Ç—É–ª–∫–∞ –≤ —Å—Ç–∏–ª–µ –ë—É–ª—å.
.
–ù–∞—á–∞–ª–æ –≤ 11:00
–¶–µ–Ω–∞ 2700 —Ä.
.
–®–∫–∞—Ç—É–ª–∫–∞ –≤ —Å—Ç–∏–ª–∏—Å—Ç–∏–∫–µ –ê–Ω–¥—Ä–µ-–®–∞—Ä–ª—å –ë—É–ª—è, –≤ —á–µ—Ä–Ω–æ-–∫—Ä–∞—Å–Ω–æ–º —Ü–≤–µ—Ç–µ —Å –∑–æ–ª–æ—Ç–∏—Å—Ç—ã–º —É–∑–æ—Ä–æ–º –∏–º–∏—Ç–∏—Ä—É—é—â–∏–º —á–µ—Ä–µ–ø–∞—Ö–æ–≤—ã–π –ø–∞–Ω—Ü–∏—Ä—å –∏–Ω–∫—Ä—É—Å—Ç–∏—Ä–æ–≤–∞–Ω–Ω—ã–π –ª–∞—Ç—É–Ω—å—é.
.
–í –∫–∞—Ä—É—Å–µ–ª–∏ —Ä–∞–±–æ—Ç—ã –¥–ª—è –ø—Ä–∏–º–µ—Ä–∞.
...
..
.
#–∞–Ω—Ç–æ–Ω–æ–≤—Å–∫–∏–π–¥–µ–∫–æ—Ä #–∞–Ω—Ç–æ–Ω–æ–≤–∞–∏—Ä–∏–Ω–∞ #antonovairina #–º–∞—Å—Ç–µ—Ä–∫–ª–∞—Å—Å–∞–Ω—Ç–æ–Ω–æ–≤–æ–π #–±—É–ª—å #—à–∫–∞—Ç—É–ª–∫–∞–≤—Å—Ç–∏–ª–µ–±—É–ª—å #–¥–µ–∫—É–ø–∞–∂ #–¥–µ–∫–æ—Ä";1539947033;159;4776935777;False;–º–∞—Å—Ç–µ—Ä–∫–ª–∞—Å—Å–∞–Ω—Ç–æ–Ω–æ–≤–æ–π
Bp_z-0aBDYf;"–î–æ—Ä–æ–≥–∏–µ –º–æ–∏, –æ–≥—Ä–æ–º–Ω–æ–µ —Å–ø–∞—Å–∏–±–æ –∑–∞ –≤–∞—à–∏ –ø–æ—Ç—Ä—è—Å–∞—é—â–∏–µ –æ—Ç–∑—ã–≤—ã –æ–± –æ–Ω–ª–∞–π–Ω-–∫—É—Ä—Å–µ""–ü–æ—á—É–≤—Å—Ç–≤—É–π –¥–µ–∫—É–ø–∞–∂""!
.
–≠—Ç–æ –Ω–µ–≤–µ—Ä–æ—è—Ç–Ω–æ! –ü–æ—Å–ª–µ –∫–∞–∂–¥–æ–≥–æ —É—Ä–æ–∫–∞ —É—á–µ–Ω–∏–∫–∏ –æ—Ü–µ–Ω–∏–≤–∞—é—Ç –∫–∞—á–µ—Å—Ç–≤–æ —É—Ä–æ–∫–∞ –ø–æ 10-–±–∞–ª—å–Ω–æ–π —à–∫–∞–ª–µ. –¢–∞–∫ –≤–æ—Ç —Å—Ä–µ–¥–Ω–∏–π –±–∞–ª–ª –ø–µ—Ä–≤–æ–≥–æ –º–∞—Å—Ç–µ—Ä-–∫–ª–∞—Å—Å–∞:¬†9.68¬†üòÄ–ù–∞ —Ä–∞–¥–æ—Å—Ç—è—Ö, –º—ã —Å–æ–≤–º–µ—Å—Ç–Ω–æ —Å —Ñ–∏—Ä–º–æ–π –ê–¢–£–†–ò —Ä–µ—à–∏–ª–∏ —Å–¥–µ–ª–∞—Ç—å —Å–ø–µ—Ü–∏–∞–ª—å–Ω—É—é –∞–∫—Ü–∏—é. –í–µ–¥—å –Ω–µ –ø–æ–Ω–∞—Å–ª—ã—à–∫–µ –∑–Ω–∞–µ–º, –∫–∞–∫ –≤—Å–µ–≥–¥–∞ –±–æ—è–∑–Ω–æ –ø–æ–∫—É–ø–∞—Ç—å –∫–æ—Ç–∞ –≤ –º–µ—à–∫–µ...
.
–¢–∞–∫ –≤–æ—Ç —Ç–µ–ø–µ—Ä—å –∫–∞–∂–¥—ã–π –º–æ–∂–µ—Ç –ø–æ–ª—É—á–∏—Ç—å –¥–æ—Å—Ç—É–ø –∫ –ø–µ—Ä–≤–æ–º—É —É—Ä–æ–∫—É –≤—Å–µ–≥–æ –∑–∞ 290 —Ä, –∞ –µ—Å–ª–∏ –Ω–µ –ø–æ–Ω—Ä–∞–≤–∏—Ç—Å—è, –º—ã –≤–µ—Ä–Ω—ë–º –¥–µ–Ω—å–≥–∏‚òù
–í—Å–µ –ø–æ–¥—Ä–æ–±–Ω–æ—Å—Ç–∏ —Ç—É—Çüëâ
@aturi.design
...
.. #–∞–Ω—Ç–æ–Ω–æ–≤–∞–∏—Ä–∏–Ω–∞ #antonovairina #–∞–Ω—Ç–æ–Ω–æ–≤–∞–±–æ–ª—Ç–∞–µ—Ç #–∞–Ω—Ç–æ–Ω–æ–≤—Å–∫–∏–π–¥–µ–∫–æ—Ä #–º–∞—Å—Ç–µ—Ä–∫–ª–∞—Å—Å–∞–Ω—Ç–æ–Ω–æ–≤–æ–π";1541846987;132;4776935777;False;–º–∞—Å—Ç–µ—Ä–∫–ª–∞—Å—Å–∞–Ω—Ç–æ–Ω–æ–≤–æ–π
Bpl9LRoHVpR;"üí•–ó–∞–∫–∞–Ω—á–∏–≤–∞–µ—Ç—Å—è –æ–∫—Ç—è–±—Ä—å –∏ –ø—Ä–∏—à–ª–æ –≤—Ä–µ–º—è –æ–±—ä—è–≤–∏—Ç—å –æ –∑–∞–ø–∏—Å–∏ –Ω–∞ –ú–ö –≤ –ú–æ—Å–∫–≤–µ –Ω–∞ –Ω–æ—è–±—Ä—å.
üåü–î–∞—Ç—ã –ø—Ä–æ–≤–µ–¥–µ–Ω–∏—è —Å 23-26 –Ω–æ—è–±—Ä—è. 
–ú–µ—Å—Ç–æ —Ç–∞–º –∂–µ: –ß–∞—è–Ω–æ–≤–∞,20,–ú–æ—Å–∫–≤–∞.
.
–ó–∞–≤—Ç—Ä–∞, 1-–≥–æ –Ω–æ—è–±—Ä—è, —Å 10:00-11:00 –±—É–¥–µ—Ç –≤—ã–≤–µ—à–µ–Ω–æ —Ä–∞—Å–ø–∏—Å–∞–Ω–∏–µ –∏ –∫—É–¥–∞ –ø–∏—Å–∞—Ç—å –ø—Ä–∏ –∂–µ–ª–∞–Ω–∏–∏.
.
–ú–µ—Å—Ç–û–§ –∫–æ–ª–∏—á–µ—Å—Ç–≤–æ –æ–≥—Ä–∞–Ω–∏—á–µ–Ω–Ω–æ–µ‚òù, –ø–æ —Å–µ–º—É —É—Å–ø–µ–π—Ç–µ —Å–ø–µ—à–∏—Ç—å üòÄ
...
..
.
#–∞–Ω—Ç–æ–Ω–æ–≤–∞–∏—Ä–∏–Ω–∞ #antonovairina #–∞–Ω—Ç–æ–Ω–æ–≤–∞–±–æ–ª—Ç–∞–µ—Ç #–º–∞—Å—Ç–µ—Ä–∫–ª–∞—Å—Å–∞–Ω—Ç–æ–Ω–æ–≤–æ–π #—Ä–∞—Å–ø–∏—Å–∞–Ω–∏–µ–º–∫–∞–Ω—Ç–æ–Ω–æ–≤–æ–π #–∞–Ω—Ç–æ–Ω–æ–≤—Å–∫–∏–π–¥–µ–∫–æ—Ä #–º–∞—Å—Ç–µ—Ä–∫–ª–∞—Å—Å—ã—Ä–∞—Å–ø–∏—Å–∞–Ω–∏–µ";1540979392;80;4776935777;False;–º–∞—Å—Ç–µ—Ä–∫–ª–∞—Å—Å–∞–Ω—Ç–æ–Ω–æ–≤–æ–π
BpoTEbnFZU5;"–ú–∞—Å—Ç–µ—Ä-–∫–ª–∞—Å—Å—ã –≤ –ú–æ—Å–∫–≤–µ, —Å 23-26 –Ω–æ—è–±—Ä—è 2018 –ì.
–ó–≤–æ–Ω–∏—Ç—å –ø–æ –º–æ—Å–∫–æ–≤—Å–∫–æ–º—É —Ç–µ–ª.: 8-967-173-06-63 –ò—Ä–∏–Ω–∞ üí•–° 10:00-20:00üí•
________________________________
23 –Ω–æ—è–±—Ä—è(–ø—è—Ç–Ω–∏—Ü–∞)
–Ω–∞—á–∞–ª–æ –≤ 15:00¬†
–ú–ö-""–ë–æ—è—Ä—ã–Ω—è""
—Ü–µ–Ω–∞: 4200 —Ä
________________________________
24 –Ω–æ—è–±—Ä—è(—Å—É–±–±–æ—Ç–∞)
–Ω–∞—á–∞–ª–æ –≤ 10:00
–ú–ö-""–°–µ–Ω–¥—Ä–∏–ª–ª–æ–Ω""
—Ü–µ–Ω–∞: 8500 —Ä
________________________________
25 –Ω–æ—è–±—Ä—è(–≤–æ—Å–∫—Ä–µ—Å–µ–Ω—å–µ)
–Ω–∞—á–∞–ª–æ –≤ 10:00
–ú–ö-—Ç–µ–∫—Å—Ç–∏–ª—å–Ω—ã–π –Ω–æ–≤–æ–≥–æ–¥–Ω–∏–π —à–∞—Ä –≤ —Å—Ç–∏–ª–µ –ú–∞–∫–∫–µ–Ω–∑–∏
—Ü–µ–Ω–∞: 4300 —Ä
________________________________
26 –Ω–æ—è–±—Ä—è(–ø–æ–Ω–µ–¥–µ–ª—å–Ω–∏–∫)
–Ω–∞—á–∞–ª–æ –≤ 10:00
–ú–ö-""–ë–∞—à–º–∞—á–æ–∫""¬†
—Ü–µ–Ω–∞: 4500 —Ä
________________________________
–í–°–ï –ü–û–í–¢–û–†–ù–´–ï –ú–ö –ë–£–î–ï–ú –í–°–¢–ê–í–õ–Ø–¢–¨ –í –†–ê–°–ü–ò–°–ê–ù–ò–ï –ü–û –ú–ï–†–ï –ù–ê–ë–û–†–ê –ñ–ï–õ–ê–Æ–©–ò–•üëçüòÄ
...
..
.
#–∞–Ω—Ç–æ–Ω–æ–≤—Å–∫–∏–π–¥–µ–∫–æ—Ä #–∞–Ω—Ç–æ–Ω–æ–≤–∞–∏—Ä–∏–Ω–∞ #antonovairina #–º–∞—Å—Ç–µ—Ä–∫–ª–∞—Å—Å—ã—Ä–∞—Å–ø–∏—Å–∞–Ω–∏–µ #–º–∞—Å—Ç–µ—Ä–∫–ª–∞—Å—Å–∞–Ω—Ç–æ–Ω–æ–≤–æ–π #–º–∞—Å—Ç–µ—Ä–∫–ª–∞—Å—Å–º–æ—Å–∫–≤–∞";1541057979;194;4776935777;False;–º–∞—Å—Ç–µ—Ä–∫–ª–∞—Å—Å–∞–Ω—Ç–æ–Ω–æ–≤–æ–π
BpraXGzBKzB;"–ë–∞—à–º–∞—á–æ–∫ –∏–∑ —Å–∫–∞–∑–∫–∏""–ó–æ–ª—É—à–∫–∞"", –Ω–∞–≤–µ—è–ª–æ üòÄ.
.
–í–µ—â—å –Ω–µ —Ç–æ–ª—å–∫–æ –ø—Ä–æ—Å—Ç–æ –∏–Ω—Ç–µ—Ä—å–µ—Ä–Ω–∞—è,–Ω–æ –∏ –Ω–µ—Å–∫–æ–ª—å–∫–æ –ø–æ–ª–µ–∑–Ω–∞—è. –°–≤–µ—Ä—Ö—É –µ—Å—Ç—å –ø–æ–ª–æ—Å—Ç—å, –≥–¥–µ –º–æ–∂–Ω–æ –≤—Ä–µ–º–µ–Ω–Ω–æ —Å–∫–ª–∞–¥—ã–≤–∞—Ç—å —É–∫—Ä–∞—à–µ–Ω–∏—è, —á–∞—Å–∏–∫–∏, –∫–ª—é—á–∏–∫–∏ –∏–ª–∏ –ø—Ä–æ—Å—Ç–æ –º–µ–ª–æ—á–∏. –í—Ç–æ—Ä–æ–π –≤–∞—Ä–∏–∞–Ω—Ç –∏—Å–ø–æ–ª—å–∑–æ–≤–∞–ª–∏ —ç—Ç–æ —Å –ø–æ–¥—É—à–µ—á–∫–æ–π –¥–ª—è –±—É–ª–∞–≤–æ–∫. 
–¢—É—Ñ–µ–ª—å–∫–∞ –Ω–µ–∂–Ω–æ –≥–æ–ª—É–±–æ–≥–æ —Ü–≤–µ—Ç–∞,—Å —Ñ—É—Ä–Ω–∏—Ç—É—Ä–æ–π –ø–æ–¥ –±—Ä–æ–Ω–∑—É,–Ω–∞ –ø–æ–¥–æ—à–≤–µ –±–∞—Ä—Ö–∞—Ç. –†–∞–∑–º–µ—Ä –Ω–µ –±–æ–ª—å—à–æ–π, –¥–ª.17 —Å–º, –≤—ã—Å–æ—Ç–∞ 7 —Å–º.
.
26.11.2018 –ø—Ä–æ–π–¥–µ—Ç –ú–ö –≤ –≥.–ú–æ—Å–∫–≤–∞,–≤—Å–µ –≤–æ–ø—Ä–æ—Å—ã –≤ –¥–∏—Ä–µ–∫—Ç.üòÄ
...
..
.
#–∞–Ω—Ç–æ–Ω–æ–≤–∞–∏—Ä–∏–Ω–∞ #antonovairina #–∞–Ω—Ç–æ–Ω–æ–≤—Å–∫–∏–π–¥–µ–∫–æ—Ä #–º–∞—Å—Ç–µ—Ä–∫–ª–∞—Å—Å–∞–Ω—Ç–æ–Ω–æ–≤–æ–π #–º–∞—Å—Ç–µ—Ä–∫–ª–∞—Å—Å–º–æ—Å–∫–≤–∞ #–±–∞—à–º–∞—á–æ–∫ #—Ç—É—Ñ–µ–ª—å–∫–∞–¥–ª—è–∑–æ–ª—É—à–∫–∏ #–∞–≤—Ç–æ—Ä—Å–∫–∏–π–¥–µ–∫–æ—Ä";1541162466;167;4776935777;False;–º–∞—Å—Ç–µ—Ä–∫–ª–∞—Å—Å–∞–Ω—Ç–æ–Ω–æ–≤–æ–π
BqE8xBVhQOR;"–ß–∞—Å—Ç–æ —Å–ø—Ä–∞—à–∏–≤–∞—é—Ç —á–µ–º —è –≥—Ä—É–Ω—Ç—É—é —Ç—É –∏–ª–∏ –∏–Ω—É—é –ø–æ–≤–µ—Ä—Ö–Ω–æ—Å—Ç—å,  –º–Ω–æ–≥–æ —Ä–∞–∑ –≥–æ–≤–æ—Ä–∏–ª–∞ –∏ –∑–¥–µ—Å—å –ø–æ–∫–∞–∂—É üòÄ
.
–ê–∫–≤–∞ –≥—Ä—É–Ω—Ç —Ñ–∏—Ä–º—ã –¢–ò–ö–ö–£–†–ò–õ–ê, –±–µ–∑ –∑–∞–ø–∞—Ö–∞,  —Å–æ—Ö–Ω–µ—Ç –±—ã—Å—Ç—Ä–æ, –º–∏–Ω —á–µ—Ä–µ–∑ 30 —É–∂–µ –º–æ–∂–Ω–æ —Ä–∞–±–æ—Ç–∞—Ç—å —Å –ø–æ–≤–µ—Ä—Ö–Ω–æ—Å—Ç—å—é. –ò–º–µ–µ—Ç —ç—Ñ—Ñ–µ–∫—Ç —Å–∞–º–æ—Ä–∞–∑—Ä–∞–≤–Ω–∏–≤–∞–Ω–∏—è —Å–µ–±—è –ø—Ä–∏ –≤—ã—Å—ã—Ö–∞–Ω–∏–∏. –í—ã—Å–æ—Ö—à–∞—è –ø–æ–≤–µ—Ä—Ö–Ω–æ—Å—Ç—å –Ω–µ –ø–æ–¥–ª–∏–ø–∞–µ—Ç. –•–æ—Ä–æ—à–æ —à–ª–∏—Ñ—É–µ—Ç—Å—è.  –ë–µ–∑ –∑–∞–ø–∞—Ö–∞. –ù–∞–Ω–æ—Å–∏—Ç—å –º–æ–∂–Ω–æ –≥—É–±–∫–æ–π –∏–ª–∏ –∫–∏—Å—Ç—å—é. –ò–Ω—Å—Ç—Ä—É–º–µ–Ω—Ç –º–æ–µ—Ç—Å—è –≤–æ–¥–æ–π —Å –º—ã–ª–æ–º.
.
–ê —Å–∞–º–æ–µ –ø—Ä–∏—è—Ç–Ω–æ–µ, –æ–Ω –ø–æ –≤—Å–µ–º  –ø–æ–≤–µ—Ä—Ö–Ω–æ—Å—Ç—è–º –∏ –ø—Ä–æ–±–ª–µ–º–Ω—ã–º —Ç–æ–∂–µ : –¥–µ—Ä–µ–≤–æ, —Å—Ç–µ–∫–ª–æ, –º–¥—Ñ, –∫–µ—Ä–∞–º–∏–∫–∞, –ø–ª–∞—Å—Ç–∏–∫, –º–µ—Ç–∞–ª–ª.
.
–°–≤–æ–π –∫—É—á–µ—Ä—è–≤—ã–π –ø–ª–∞—Å—Ç–∏–∫–æ–≤—ã–π –¥–µ–∫–æ—Ä, —è –≥—Ä—É–Ω—Ç—É—é –∂–µ—Å—Ç–∫–æ–π —Å–∏–Ω—Ç–µ—Ç–∏—á–µ—Å–∫–æ–π –∫–∏—Å—Ç—å—é. –û–Ω–∞ –∫–æ–Ω–µ—á–Ω–æ –¥–∞–≤–Ω–æ —Å—Ç–∞–ª–∞ –µ—Ä—à–∏–∫–æ–º, –Ω–æ –æ—Ç —ç—Ç–æ–≥–æ –ª—É—á—à–µ –Ω–∞–Ω–æ—Å–∏—Ç –≥—Ä—É–Ω—Ç –≤ ""–º–µ—Ä—Ç–≤—ã–µ –∑–æ–Ω—ã"" –∏–∑–≥–∏–±–æ–≤ —É–∑–æ—Ä–∞.‚òù
...
.. .
#–∞–Ω—Ç–æ–Ω–æ–≤–∞–∏—Ä–∏–Ω–∞ #antonovairina #–∞–Ω—Ç–æ–Ω–æ–≤–∞–±–æ–ª—Ç–∞–µ—Ç #–∞–Ω—Ç–æ–Ω–æ–≤—Å–∫–∏–π–¥–µ–∫–æ—Ä #–º–∞—Å—Ç–µ—Ä–∫–ª–∞—Å—Å–∞–Ω—Ç–æ–Ω–æ–≤–æ–π #–¥–µ–∫–æ—Ä #–¥–µ–∫—É–ø–∞–∂ #–≥—Ä—É–Ω—Ç";1542019364;188;4776935777;False;–º–∞—Å—Ç–µ—Ä–∫–ª–∞—Å—Å–∞–Ω—Ç–æ–Ω–æ–≤–æ–π
BqHuCD7BCHi;"–ê —ç—Ç–æ –ø—Ä–æ–¥–æ–ª–∂–µ–Ω–∏–µ –∫—Ä–∞—Å–æ–ø–µ—Ç–æ—á–Ω—ã—Ö —Ä–∞–±–æ—Ç —Å –Ω–∞—Ç—É—Ä–∞–ª—å–Ω—ã–º –ø–µ—Ä–ª–∞–º—É—Ç—Ä–æ–º. –ú–æ–∑–∞–∏–∫–∞ —Ä–æ–º–±–∞–º–∏ –æ—Å–æ–±–µ–Ω–Ω–æ —Ç—Ä—É–¥–Ω–∞ –≤ —Ä–∞—Å—á–µ—Ç–∞—Ö. –†–æ–º–±—ã –Ω–∞–¥–æ –≤–ø–∏—Å–∞—Ç—å –Ω–µ —Ç–æ–ª—å–∫–æ –ø–æ –≤—ã—Å–æ—Ç–µ, –Ω–æ –∏ –ø–æ –ø–µ—Ä–∏–º–µ—Ç—Ä—É –∫—Ä—É–≥–ª–æ–π —à–∫–∞—Ç—É–ª–∫–∏ —Ç–∞–∫, —á—Ç–æ–±—ã –æ–Ω–∏ —Å–æ—à–ª–∏—Å—å –≤—Å—Ç—ã–∫, –Ω–µ –Ω–∞—Ä—É—à–∞—è —Ä–æ–≤–Ω—ã–π —à–∞–≥.‚òù
.
–ù–∞ –º–∞—Å—Ç–µ—Ä-–∫–ª–∞—Å—Å–µ, —è –ø–æ–¥—Ä–æ–±–Ω–æ –æ–±—ä—è—Å–Ω—è—é –∏ –ø–æ–∫–∞–∑—ã–≤–∞—é, –∫–∞–∫ —ç—Ç–æ —Å–¥–µ–ª–∞—Ç—å. –ò —Å–Ω–∞–±–∂–∞—é —É—á–µ–Ω–∏–∫–∞ –ø–æ—à–∞–≥–æ–≤–æ–π –∏–Ω—Å—Ç—Ä—É–∫—Ü–∏–µ–π...—Å–ø–ª–æ—à–Ω—ã–µ –∫–∞—Ä—Ç–∏–Ω–∫–∏ üòÅüëç
...
..
.
#antonovairina #–∞–Ω—Ç–æ–Ω–æ–≤–∞–∏—Ä–∏–Ω–∞ #–∞–≤—Ç–æ—Ä—Å–∫–∏–π–¥–µ–∫–æ—Ä #–º–∞—Å—Ç–µ—Ä–∫–ª–∞—Å—Å–∞–Ω—Ç–æ–Ω–æ–≤–æ–π #–ø–µ—Ä–ª–∞–º—É—Ç—Ä–æ–≤–∞—è–º–æ–∑–∞–∏–∫–∞ #–Ω–∞—Ç—É—Ä–∞–ª—å–Ω—ã–π–ø–µ—Ä–ª–∞–º—É—Ç—Ä #–∞–Ω—Ç–æ–Ω–æ–≤—Å–∫–∏–π–¥–µ–∫–æ—Ä";1542112303;127;4776935777;False;–º–∞—Å—Ç–µ—Ä–∫–ª–∞—Å—Å–∞–Ω—Ç–æ–Ω–æ–≤–æ–π
BqehlLghB7l;"""–õ–æ–≤–µ—Ü —Å–ª–µ–∑""-—á—Ç–æ —ç—Ç–æ?
–≠—Ç–æ –Ω–µ–±–æ–ª—å—à–æ–π –≤—ã—Ç—è–Ω—É—Ç—ã–π —Å–æ—Å—É–¥ —Å —É–∑–∫–∏–º –≥–æ—Ä–ª—ã—à–∫–æ–º, —Å–ª–µ–∑–Ω–∏—Ü–∞. –ù–∞–∑–Ω–∞—á–µ–Ω–∏–µ –µ–≥–æ- —Å–±–æ—Ä –≥–æ—Ä—é—á–∏—Ö —Å–ª–µ–∑¬†–ò—Å—Ç–æ—Ä–∏—è —Å–∏—è –ø—Ä–µ–¥–º–µ—Ç–∞ –±–æ–ª–µ–µ —Ç—Ä–µ—Ö —Ç—ã—Å—è—á–µ–ª–µ—Ç–∏–π. –í –î—Ä–µ–≤–Ω–µ–º –†–∏–º–µ, –ü–µ—Ä—Å–∏–∏ –∏–ª–∏ –í–∏–∑–∞–Ω—Ç–∏–∏, –¥–∞–∂–µ –≤ —ç–ø–æ—Ö—É –ì—Ä–∞–∂–¥–∞–Ω—Å–∫–æ–π –≤–æ–π–Ω—ã –≤ –ê–º–µ—Ä–∏–∫–µ, –∂–µ–Ω—ã —É—à–µ–¥—à–∏—Ö —Ä—ã–¥–∞–ª–∏, —Ö—Ä–∞–Ω—è —Å–≤–æ–∏ —Å–ª–µ–∑—ã –∫–∞–∫ –∑–Ω–∞–∫ –ª—é–±–≤–∏ –∏ –≤–µ—Ä–Ω–æ—Å—Ç–∏. –í —ç–ø–æ—Ö—É –∫–æ—Ä–æ–ª–µ–≤—ã –í–∏–∫—Ç–æ—Ä–∏–∏ –≤ –í–µ–ª–∏–∫–æ–±—Ä–∏—Ç–∞–Ω–∏–∏ –≤ XIX —Å—Ç–æ–ª–µ—Ç–∏–∏ —Å–ª–µ–∑–Ω–∏—Ü—ã –ø–æ–ª—É—á–∏–ª–∏ ""–≤—Ç–æ—Ä–æ–µ —Ä–æ–∂–¥–µ–Ω–∏–µ"". –ò—Ö –Ω–æ—Å–∏–ª–∏ –ø—Ä–∏ —Å–µ–±–µ –≤–¥–æ–≤—ã, –¥–∞–±—ã –∫–æ–ø–∏—Ç—å —Ç–∞–º —Å–ª–µ–∑—ã –æ–± —É—à–µ–¥—à–∏—Ö –º—É–∂—å—è—Ö. –í –≥–æ–¥–æ–≤—â–∏–Ω—É –≥–∏–±–µ–ª–∏ –ø–æ–ª–∞–≥–∞–ª–æ—Å—å –≤—ã–ª–∏—Ç—å —Å–æ–±—Ä–∞–Ω–Ω—ã–µ —Å–ª–µ–∑—ã –Ω–∞ –º–æ–≥–∏–ª—É.¬†
–°–µ–≥–æ–¥–Ω—è —ç—Ç–∞ —Ä–æ–º–∞–Ω—Ç–∏—á–µ—Å–∫–∞—è —Ç—Ä–∞–¥–∏—Ü–∏—è –ø–µ—Ä–µ–∂–∏–≤–∞–µ—Ç –æ—á–µ—Ä–µ–¥–Ω–æ–π –±—É–º –ø–æ–ø—É–ª—è—Ä–Ω–æ—Å—Ç–∏¬†, –≤ –°–®–ê, –ï–≥–∏–ø—Ç–µ, –ï–≤—Ä–æ–ø–µ –∏–∑–≥–æ—Ç–∞–≤–ª–∏–≤–∞—é—Ç—Å—è —Å–æ–≤—Ä–µ–º–µ–Ω–Ω—ã–µ ""–ª–æ–≤—Ü—ã —Å–ª–µ–∑"" –∏–∑ –≤—ã–¥—É–≤–Ω–æ–≥–æ —Å—Ç–µ–∫–ª–∞, —Ö—Ä—É—Å—Ç–∞–ª—è, —É–∫—Ä–∞—à–∞—é—Ç—Å—è –∏–Ω–∫—Ä—É—Å—Ç–∞—Ü–∏–µ–π –∏ —Å—Ç—Ä–∞–∑–∞–º–∏. –¢–µ–ø–µ—Ä—å –∏—Ö –∏—Å–ø–æ–ª—å–∑—É—é—Ç, —á—Ç–æ–± –∑–∞–ø–µ—á–∞—Ç–ª–µ—Ç—å –≤–æ—Å–ø–æ–º–∏–Ω–∞–Ω–∏—è –æ –∫—Ä–µ—â–µ–Ω–∏–∏ —Ä–µ–±–µ–Ω–∫–∞ –∏–ª–∏ –æ —Å–≤–∞–¥—å–±–µ, —Ç–æ –µ—Å—Ç—å –æ —Ä–∞–¥–æ—Å—Ç–Ω—ã—Ö —Å–æ–±—ã—Ç–∏—è—Ö.
""–õ–æ–≤–µ—Ü —Å–ª–µ–∑"" - —ç—Ç–æ –æ—á–µ–Ω—å –º–∞–ª–µ–Ω—å–∫–∞—è –≤–µ—â—å. –ù–∞—á–∏–Ω–∞—è –æ—Ç –ø–æ–ª—É—Ç–æ—Ä–∞ —Å–∞–Ω—Ç–∏–º–µ—Ç—Ä–æ–≤ –∏ –∑–∞–∫–∞–Ω—á–∏–≤–∞—è –º–∞–∫—Å–∏–º—É–º –¥–ª–∏–Ω–æ–π –≤ –¥–µ—Å—è—Ç—å —Å–∞–Ω—Ç–∏–º–µ—Ç—Ä–æ–≤.
.
–ú–æ–∏ —Ñ–ª–∞–∫–æ–Ω—á–∏–∫–∏-–ø–æ–¥–≤–µ—Å–∫–∏, –º–æ–∂–Ω–æ –Ω–æ—Å–∏—Ç—å –Ω–∞ —à–µ–µ, –Ω–∞–ª–∏–≤–∞—Ç—å –¥—É—Ö–∏, —É–∫—Ä–∞—à–∞—Ç—å –∏–Ω—Ç–µ—Ä—å–µ—Ä –∏–ª–∏ –ù–ì –µ–ª—å. –í—ã—Å–æ—Ç–∞ –≤—Å–µ–≥–æ 10 —Å–º.
...
..
.
#–∞–Ω—Ç–æ–Ω–æ–≤–∞–∏—Ä–∏–Ω–∞ #antonovairina #antonova_irina_decor #–∞–≤—Ç–æ—Ä—Å–∫–∏–π–¥–µ–∫–æ—Ä #–º–∞—Å—Ç–µ—Ä–∫–ª–∞—Å—Å–∞–Ω—Ç–æ–Ω–æ–≤–æ–π  #–ª–æ–≤–µ—Ü—Å–ª–µ–∑ #—Ñ–ª–∞–∫–æ–Ω #—Ñ–ª–∞–∫–æ–Ω–ø–æ–¥–≤–µ—Å–∫–∞";1542877527;148;4776935777;False;–º–∞—Å—Ç–µ—Ä–∫–ª–∞—Å—Å–∞–Ω—Ç–æ–Ω–æ–≤–æ–π
BqwXOYshB0l;"–ü—Ä–æ—à–ª–∏ –º–∞—Å—Ç–µ—Ä-–∫–ª–∞—Å—Å—ã –≤ –ú–æ—Å–∫–≤–µ! –î–µ–≤–æ—á–∫–∏, –≤—Å–µ –∫—Ç–æ –±—ã–ª –æ–≥—Ä–æ–º–Ω–æ–µ —Å–ø–∞—Å–∏–±–æ! –í—ã –±–æ–ª—å—à–∏–µ –º–æ–ª–æ–¥—Ü—ã! –ö—Ç–æ –Ω–µ —Å–º–æ–≥ –∏ –ø—Ä–∏–±–æ–ª–µ–ª-–≤—ã–∑–¥–æ—Ä–∞–≤–ª–∏–≤–∞–π—Ç–µ –∏ –±–µ—Ä–µ–≥–∏—Ç–µ —Å–µ–±—è! üíú
–ù–µ–±–æ–ª—å—à–æ–π —Å–ª–∞–π–¥-–æ–±–∑–æ—Ä, —Å–∫–æ–ª—å–∫–æ –≤–ª–µ–∑–ª–æ –≤ –º–∏–Ω—É—Ç–∫—É üëç
–°–ø–∞—Å–∏–±–æ –∑–∞ –≤—Å—Ç—Ä–µ—á—É, –∑–∞ –æ–±—â–µ–Ω–∏–µ. –ë—ã–ª–∞ —Ä–∞–¥–∞ –≤—Å–µ—Ö –≤–∏–¥–µ—Ç—å üå∑üå∑üå∑
...
..
.
#–∞–Ω—Ç–æ–Ω–æ–≤–∞–∏—Ä–∏–Ω–∞ #antonova_irina_decor #antonovairina #–º–∞—Å—Ç–µ—Ä–∫–ª–∞—Å—Å–º–æ—Å–∫–≤–∞ #–º–∞—Å—Ç–µ—Ä–∫–ª–∞—Å—Å–∞–Ω—Ç–æ–Ω–æ–≤–æ–π #–¥–µ–∫–æ—Ä #–¥–µ–∫—É–ø–∞–∂";1543476493;113;4776935777;True;–º–∞—Å—Ç–µ—Ä–∫–ª–∞—Å—Å–∞–Ω—Ç–æ–Ω–æ–≤–æ–π
BschlCmFrny;"–î—ã—â—å! –ú–æ–π –º–∏–Ω–∏-–ú–ö!  –û–±—É—á–∞–ª–∫–∞!!! –ö–ê–ö –°–û–ó–î–ê–¢–¨ –ó–ï–†–ö–ê–õ–¨–ù–£–Æ –ü–õ–ò–¢–ö–£(–Ω—É –∏–ª–∏ –Ω–µ –ø–ª–∏—Ç–∫—É, –∞ –Ω–µ—á—Ç–æ –∑–µ—Ä–∫–∞–ª—å–Ω–æ–µ –∏ –ø–æ–ª–æ—Å–∞—Ç–æ-—Å–µ—Ç—á–∞—Ç–æ–µ). –°–º–æ—Ç—Ä–∏–º‚òù
.
–ö–∞–∫ —Å–¥–µ–ª–∞—Ç—å –∑–µ—Ä–∫–∞–ª—å–Ω—É—é –ø–ª–∏—Ç–∫—É. –í–æ–∑—å–º–∏—Ç–µ —Ñ–∞—Ü–µ—Ç–Ω–æ–µ —Å—Ç–µ–∫–ª–æ, –æ–±–µ–∑–∂–∏—Ä—å—Ç–µ —Å–ø–∏—Ä—Ç–æ–º. –ù–∞–Ω–µ—Å–∏—Ç–µ –≥—É–±–∫–æ–π –∑–µ—Ä–∫–∞–ª—å–Ω—É—é –∫—Ä–∞—Å–∫—É –∏ –ø—Ä–æ—Å—É—à–∏—Ç–µ.
.
–ü—Ä–æ–≤–µ–¥–∏—Ç–µ –ø–æ –ª–∏–Ω–µ–π–∫–µ –ø–æ–ª–æ—Å—ã —Å–Ω–∏–º–∞—è –∑–µ—Ä–∫–∞–ª—å–Ω—É—é –∫—Ä–∞—Å–∫—É, –¥–µ—Ä–µ–≤—è–Ω–Ω–æ–π –ø–∞–ª–æ—á–∫–æ–π –¥–ª—è –º–∞–Ω–∏–∫—é—Ä–∞. –°–æ–∑–¥–∞–π—Ç–µ —Å–µ—Ç–∫—É –∏–∑ –ø–æ–ª–æ—Å(–º–æ–∂–Ω–æ —Ä–æ–º–±). –ü—Ä–æ—Ü–∞—Ä–∞–ø–∞–π—Ç–µ –Ω–∞ –ø–µ—Ä–µ—Å–µ—á–µ–Ω–∏—è—Ö –ª–∏–Ω–∏–π –¥–æ–ø–æ–ª–Ω–∏—Ç–µ–ª—å–Ω—ã–µ –∑–≤–µ–∑–¥–æ—á–∫–∏.
.
–ü–æ—Å—Ç–∞–≤—å—Ç–µ –≤ —Ü–µ–Ω—Ç—Ä–µ –∫–∞–∂–¥–æ–π –∑–≤–µ–∑–¥–æ—á–∫–∏ –∑–æ–ª–æ—Ç—É—é —Ç–æ—á–∫—É –∫–æ–Ω—Ç—É—Ä–æ–º –ø–æ —Å—Ç–µ–∫–ª—É –∏ —Ö–æ—Ä–æ—à–æ –ø—Ä–æ—Å—É—à–∏—Ç–µ. –ù–∞–Ω–µ—Å–∏—Ç–µ —á–µ—Ä–Ω—É—é –∞–∫—Ä–∏–ª–æ–≤—É—é –∫—Ä–∞—Å–∫—É –≥—É–±–∫–æ–π, –ø–µ—Ä–µ–∫—Ä—ã–≤–∞—è –≤—Å—é –ø–æ–≤–µ—Ä—Ö–Ω–æ—Å—Ç—å. –•–æ—Ä–æ—à–æ –≤—ã—Å—É—à–∏—Ç–µ.üòÄ
...
..
.
#–∞–Ω—Ç–æ–Ω–æ–≤–∞–∏—Ä–∏–Ω–∞ #antonova_irina_decor #antonovairina #–º–∞—Å—Ç–µ—Ä–∫–ª–∞—Å—Å–∞–Ω—Ç–æ–Ω–æ–≤–æ–π #–∞–≤—Ç–æ—Ä—Å–∫–∏–π–¥–µ–∫–æ—Ä #–∞–≤—Ç–æ—Ä—Å–∫–∏–π–¥–µ–∫–æ—Ä–∞–Ω—Ç–æ–Ω–æ–≤–æ–π #–º–∞—Å—Ç–µ—Ä–∫–ª–∞—Å—Å–∞–Ω—Ç–æ–Ω–æ–≤–æ–π #–∑–µ—Ä–∫–∞–ª—å–Ω–∞—è–ø–æ–≤–µ—Ä—Ö–Ω–æ—Å—Ç—å #—ç–≥–ª–æ–º–∏–∑–µ #–¥–µ–∫–æ—Ä
#–¥–µ–∫–æ—Ä–Ω–∞–∑–µ—Ä–∫–∞–ª–µ";1547105672;316;4776935777;True;–º–∞—Å—Ç–µ—Ä–∫–ª–∞—Å—Å–∞–Ω—Ç–æ–Ω–æ–≤–æ–π
Bsh_yJEBCgR;"–®–∞—Ä–∏–∫–∏ –Ω–æ–≤–æ–≥–æ–¥–Ω–∏–µ, —Ç–∫–∞–Ω–µ–≤—ã–µ. –í —Å—Ç–∏–ª–µ Mackenzie-Childs. –°—Ç–∞—Ä–∞–ª–∞—Å—å –º–∞–∫—Å–∏–º–∞–ª—å–Ω–æ –ø—Ä–∏–¥–µ—Ä–∂–∏–≤–∞—Ç—å—Å—è —Å—Ç–∏–ª—è, –Ω–µ –æ—Å–æ–±–æ —Ñ–∞–Ω—Ç–∞–∑–∏—Ä—É—è. –°–¥–µ–ª–∞—Ç—å –∏—Ö –≥—É—Å—Ç–æ –Ω–∞—Å—ã—â–µ–Ω–Ω—ã–º–∏ –∏ –∫—Ä–∞—Å–æ—á–Ω—ã–º–∏. –û—á–µ–Ω—å —Ç—â–∞—Ç–µ–ª—å–Ω–æ –ø–æ–¥–æ–±—Ä–∞–Ω–∞ —Ñ—É—Ä–Ω–∏—Ç—É—Ä–∞. –ï—Å—Ç—å —Å –ø–æ–ª–æ—Å–∞—Ç—ã–º —Ñ–æ–Ω–æ–º –∏ –∫–ª–µ—Ç–∫–æ–π, —Ç–µ–º —Å–∞–º—ã–º –ø–æ–¥—Ä–∞–∑—É–º–µ–≤–∞—è –±—ã—Ç—å –ø–∞—Ä–Ω—ã–º–∏ üòÄ
.
–ü–æ –¥–∞–Ω–Ω—ã–º —à–∞—Ä–∏–∫–∞–º –ø—Ä–æ—Ö–æ–¥—è—Ç –º–∞—Å—Ç–µ—Ä-–∫–ª–∞—Å—Å—ã. –û–±—Ä–∞–∑–µ—Ü –∏–º–µ–µ—Ç—Å—è –≤ –ø—Ä–µ–¥—ã–¥—É—â–∏—Ö –ø–æ—Å—Ç–∞—Ö, –æ—Ç–ª–∏—á–∞–µ—Ç—Å—è —Ç–æ–ª—å–∫–æ —Ü–≤–µ—Ç–æ–≤—ã–º —Ä–µ—à–µ–Ω–∏–µ–º.
...
..
.
#–∞–Ω—Ç–æ–Ω–æ–≤–∞–∏—Ä–∏–Ω–∞ #antonovairina #antonova_irina_decor #–∞–≤—Ç–æ—Ä—Å–∫–∏–π–¥–µ–∫–æ—Ä #–∞–≤—Ç–æ—Ä—Å–∫–∏–π–¥–µ–∫–æ—Ä–∞–Ω—Ç–æ–Ω–æ–≤–æ–π #–Ω–æ–≤—ã–π–≥–æ–¥ #–Ω–æ–≤–æ–≥–æ–¥–Ω–∏–π—à–∞—Ä #—Ç–∫–∞–Ω–µ–≤—ã–µ—à–∞—Ä—ã #—Ç–µ–∫—Å—Ç–∏–ª—å–Ω—ã–π—à–∞—Ä #–º–∞—Å—Ç–µ—Ä–∫–ª–∞—Å—Å–∞–Ω—Ç–æ–Ω–æ–≤–æ–π";1547288992;130;4776935777;False;–º–∞—Å—Ç–µ—Ä–∫–ª–∞—Å—Å–∞–Ω—Ç–æ–Ω–æ–≤–æ–π
BsxWElZBtc_;"–ù–µ–≤–µ—Ä–æ—è—Ç–Ω–æ–µ –ø–æ —Å–≤–æ–µ–π –∏–Ω—Ñ–æ—Ä–º–∞—Ç–∏–≤–Ω–æ—Å—Ç–∏ –≤–∏–¥–µ–æ –ø–æ —Å–æ–∑–¥–∞–Ω–∏—é —ç—Ñ—Ñ–µ–∫—Ç–∞ —ç–≥–ª–æ–º–∏–∑–µ –æ—Ç –ø–æ—Ç—Ä—è—Å–∞—é—â–µ–≥–æ –º–∞—Å—Ç–µ—Ä–∞ —Å –±—Ä–∏–ª–ª–∏–∞–Ω—Ç–æ–≤—ã–º–∏ —Ä—É–∫–∞–º–∏ üôå  –ò—Ä–∏–Ω—ã –ê–Ω—Ç–æ–Ω–æ–≤–æ–π
–ó–∞–∏–Ω—Ç–µ—Ä–µ—Å–æ–≤–∞–ª–∞ —Ç–∞–∫–∞—è –∫—Ä–∞—Å–∫–∞? –°—Ç–∞–≤—å—Ç–µ + –≤ –∫–æ–º–º–µ–Ω—Ç–∞—Ä–∏—è—Ö –∏ –º—ã –ø—Ä–∏—à–ª—ë–º –≤–∞–º –≤ –¥–∏—Ä–µ–∫—Ç —Å—Å—ã–ª–∫—É –Ω–∞ –∫–∞—Ç–∞–ª–æ–≥. –ö—Å—Ç–∞—Ç–∏, –≤ –Ω–∞—à–µ–º –º–∞–≥–∞–∑–∏–Ω–µ, –∫—Ä–∞—Å–∫–∞ —Å —ç—Ñ—Ñ–µ–∫—Ç–æ–º –∑–µ—Ä–∫–∞–ª—å–Ω–æ–π –ø–æ–≤–µ—Ä—Ö–Ω–æ—Å—Ç–∏ –ø—Ä–µ–¥—Å—Ç–∞–≤–ª–µ–Ω–∞ –ø–æ –æ–¥–Ω–æ–π –∏–∑ —Å–∞–º—ã—Ö –Ω–∏–∑–∫–∏—Ö —Ü–µ–Ω üëõ

#Repost @antonova_irina_decor
‚Ä¢ ‚Ä¢ ‚Ä¢
–î—ã—â—å! –ú–æ–π –º–∏–Ω–∏-–ú–ö!  –û–±—É—á–∞–ª–∫–∞!!! –ö–ê–ö –°–û–ó–î–ê–¢–¨ –ó–ï–†–ö–ê–õ–¨–ù–£–Æ –ü–õ–ò–¢–ö–£(–Ω—É –∏–ª–∏ –Ω–µ –ø–ª–∏—Ç–∫—É, –∞ –Ω–µ—á—Ç–æ –∑–µ—Ä–∫–∞–ª—å–Ω–æ–µ –∏ –ø–æ–ª–æ—Å–∞—Ç–æ-—Å–µ—Ç—á–∞—Ç–æ–µ). –°–º–æ—Ç—Ä–∏–º‚òù
.
–ö–∞–∫ —Å–¥–µ–ª–∞—Ç—å –∑–µ—Ä–∫–∞–ª—å–Ω—É—é –ø–ª–∏—Ç–∫—É. –í–æ–∑—å–º–∏—Ç–µ —Ñ–∞—Ü–µ—Ç–Ω–æ–µ —Å—Ç–µ–∫–ª–æ, –æ–±–µ–∑–∂–∏—Ä—å—Ç–µ —Å–ø–∏—Ä—Ç–æ–º. –ù–∞–Ω–µ—Å–∏—Ç–µ –≥—É–±–∫–æ–π –∑–µ—Ä–∫–∞–ª—å–Ω—É—é –∫—Ä–∞—Å–∫—É –∏ –ø—Ä–æ—Å—É—à–∏—Ç–µ.
.
–ü—Ä–æ–≤–µ–¥–∏—Ç–µ –ø–æ –ª–∏–Ω–µ–π–∫–µ –ø–æ–ª–æ—Å—ã —Å–Ω–∏–º–∞—è –∑–µ—Ä–∫–∞–ª—å–Ω—É—é –∫—Ä–∞—Å–∫—É, –¥–µ—Ä–µ–≤—è–Ω–Ω–æ–π –ø–∞–ª–æ—á–∫–æ–π –¥–ª—è –º–∞–Ω–∏–∫—é—Ä–∞. –°–æ–∑–¥–∞–π—Ç–µ —Å–µ—Ç–∫—É –∏–∑ –ø–æ–ª–æ—Å(–º–æ–∂–Ω–æ —Ä–æ–º–±). –ü—Ä–æ—Ü–∞—Ä–∞–ø–∞–π—Ç–µ –Ω–∞ –ø–µ—Ä–µ—Å–µ—á–µ–Ω–∏—è—Ö –ª–∏–Ω–∏–π –¥–æ–ø–æ–ª–Ω–∏—Ç–µ–ª—å–Ω—ã–µ –∑–≤–µ–∑–¥–æ—á–∫–∏.
.
–ü–æ—Å—Ç–∞–≤—å—Ç–µ –≤ —Ü–µ–Ω—Ç—Ä–µ –∫–∞–∂–¥–æ–π –∑–≤–µ–∑–¥–æ—á–∫–∏ –∑–æ–ª–æ—Ç—É—é —Ç–æ—á–∫—É –∫–æ–Ω—Ç—É—Ä–æ–º –ø–æ —Å—Ç–µ–∫–ª—É –∏ —Ö–æ—Ä–æ—à–æ –ø—Ä–æ—Å—É—à–∏—Ç–µ. –ù–∞–Ω–µ—Å–∏—Ç–µ —á–µ—Ä–Ω—É—é –∞–∫—Ä–∏–ª–æ–≤—É—é –∫—Ä–∞—Å–∫—É –≥—É–±–∫–æ–π, –ø–µ—Ä–µ–∫—Ä—ã–≤–∞—è –≤—Å—é –ø–æ–≤–µ—Ä—Ö–Ω–æ—Å—Ç—å. –•–æ—Ä–æ—à–æ –≤—ã—Å—É—à–∏—Ç–µ.üòÄ
...
..
.
#–∞–Ω—Ç–æ–Ω–æ–≤–∞–∏—Ä–∏–Ω–∞ #antonova_irina_decor #antonovairina #–º–∞—Å—Ç–µ—Ä–∫–ª–∞—Å—Å–∞–Ω—Ç–æ–Ω–æ–≤–æ–π #–∞–≤—Ç–æ—Ä—Å–∫–∏–π–¥–µ–∫–æ—Ä #–∞–≤—Ç–æ—Ä—Å–∫–∏–π–¥–µ–∫–æ—Ä–∞–Ω—Ç–æ–Ω–æ–≤–æ–π #–º–∞—Å—Ç–µ—Ä–∫–ª–∞—Å—Å–∞–Ω—Ç–æ–Ω–æ–≤–æ–π #–∑–µ—Ä–∫–∞–ª—å–Ω–∞—è–ø–æ–≤–µ—Ä—Ö–Ω–æ—Å—Ç—å #—ç–≥–ª–æ–º–∏–∑–µ #–¥–µ–∫–æ—Ä
#–¥–µ–∫–æ—Ä–Ω–∞–∑–µ—Ä–∫–∞–ª–µ";1547804967;151;5453035769;True;–º–∞—Å—Ç–µ—Ä–∫–ª–∞—Å—Å–∞–Ω—Ç–æ–Ω–æ–≤–æ–π
BuyA9y7hPLA;"15 –º–∞—Ä—Ç–∞(–ø—è—Ç–Ω–∏—Ü–∞)–≤ 11:00 –ú–ö-""—è–π—Ü–æ-—Å–µ—Ç–∫–∞"". –°–¥–µ–ª–∞–µ–º —Ü–≤–µ—Ç–Ω–æ–π –≥—Ä–∞–¥–∏–µ–Ω—Ç –Ω–∞ —è–π—Ü–µ –∏ –Ω–∞—É—á–∏–º—Å—è —Å–æ–∑–¥–∞–≤–∞—Ç—å –∫—Ä—É–≥–æ–≤—É—é —Å–µ—Ç–∫—É –Ω–∞ —Å–ª–æ–∂–Ω–æ–π —Ñ–æ—Ä–º–µ. –°—Ç–æ–∏–º–æ—Å—Ç—å –ú–ö 2.400 —Ä.
.
16 –º–∞—Ä—Ç–∞(—Å—É–±–±–æ—Ç–∞) –≤ 11:00
–ú–ö-""–±—ã—à–º–∞—á–æ–∫"". –û—Ñ–æ—Ä–º–∏–º –±–∞—à–º–∞—á–æ–∫ –∏ —Å–æ–∑–¥–∞–¥–∏–º —Å –Ω—É–ª—è –±—É–ª–∞–≤–∫—É.
–°—Ç–æ–∏–º–æ—Å—Ç—å –ú–ö 2.700 —Ä.
.
17 –º–∞—Ä—Ç–∞ (–≤–æ—Å–∫—Ä–µ—Å–µ–Ω—å–µ)–≤ 11:00
–ú–ö-""–Ω–æ–≤–æ–≥–æ–¥–Ω–∏–π —à–∞—Ä –≤ —Å—Ç–∏–ª–µ –ú–∞–∫–∫–µ–Ω–∑–∏"". –®–∞—Ä —Ç–µ–∫—Å—Ç–∏–ª—å–Ω—ã–π.
–°—Ç–æ–∏–º–æ—Å—Ç—å –ú–ö 2.500 —Ä.
.
–ü–∏—à–∏—Ç–µ –≤ –¥–∏—Ä–µ–∫—Ç, –ø—Ä–∏ –∑–∞–ø–∏—Å–∏ –æ—Å—Ç–∞–≤–ª—è–π—Ç–µ —Ç–µ–ª–µ—Ñ–æ–Ω.
.
–ó–∞–Ω—è—Ç–∏—è –ø—Ä–æ—Ö–æ–¥—è—Ç –ø–æ –∞–¥—Ä–µ—Å—É:
–°–∞–Ω–∫—Ç-–ü–µ—Ç–µ—Ä–±—É—Ä–≥, –ö–æ–Ω–¥—Ä–∞—Ç—å–µ–≤—Å–∫–∏–π –ø—Ä,–¥.61,–∫–∞–∫.42
...
..
.
#–∞–Ω—Ç–æ–Ω–æ–≤–∞–∏—Ä–∏–Ω–∞ #antonovairina #antonova_irina_decor #–º–∞—Å—Ç–µ—Ä–∫–ª–∞—Å—Å–∞–Ω—Ç–æ–Ω–æ–≤–æ–π #–º–∞—Å—Ç–µ—Ä–∫–ª–∞—Å—Å #—Ç—É—Ñ–µ–ª—å–∫–∞ #—Ç—É—Ñ–µ–ª—å–∫–∞–∏–≥–æ–ª—å–Ω–∏—Ü–∞ #–Ω–æ–≤–æ–≥–æ–¥–Ω–∏–π—à–∞—Ä #—è–π—Ü–æ—Å–µ—Ç–∫–∞";1552121450;77;4776935777;False;–º–∞—Å—Ç–µ—Ä–∫–ª–∞—Å—Å–∞–Ω—Ç–æ–Ω–æ–≤–æ–π
Bv09XF9IQyU;"–ú–æ—Å–∫–≤–∞!
–û—Å—Ç–∞–ª–æ—Å—å –≤—Å–µ–≥–æ 2 –º–µ—Å—Ç–∞!
19 –∞–ø—Ä–µ–ª—è (–ø—è—Ç–Ω–∏—Ü–∞-–¥–µ–Ω—å)

14:00 –ú–ö-""–ë–æ–Ω–±–æ–Ω—å–µ—Ä–∫–∞"" (–∏–∑–¥–µ–ª–∏–µ –±–æ–ª—å—à–æ–µ). –í–∞–∑–∞ –¥–ª—è –æ–≥—Ä–æ–º–Ω–æ–≥–æ –∫–æ–ª–∏—á–µ—Å—Ç–≤–∞ –∫–æ–Ω—Ñ–µ—Ç.

–û–ø–∏—Å–∞–Ω–∏–µ:
-—Ä–∞–±–æ—Ç–∞ —Å –ø–∞–ø—å–µ-–º–∞—à–µ
-—Ä–∞–±–æ—Ç–∞ —Å —Ä–∞—Å–ø–µ—á–∞—Ç–∫–∞–º–∏ –Ω–∞ —Å–ª–æ–∂–Ω–æ–π —Ñ–æ—Ä–º–µ
-–æ—Ñ–æ—Ä–º–ª–µ–Ω–∏–µ –∏–∑–¥–µ–ª–∏—è —Ñ—É—Ä–Ω–∏—Ç—É—Ä–æ–π, –ø–∞—Ç–∏–Ω–∏—Ä–æ–≤–∞–Ω–∏–µ
-—Ä–∞–±–æ—Ç–∞ —Å –º–µ—Ç–∞–ª–ª–∏—á–µ—Å–∫–æ–π –ª–µ–Ω—Ç–æ–π

–ü—Ä–æ–¥–æ–ª–∂–∏—Ç–µ–ª—å–Ω–æ—Å—Ç—å 5-6 —á–∞—Å–æ–≤

–¶–µ–Ω–∞: 9800 —Ä.
.
–ó–≤–æ–Ω–∏—Ç—å –ø–æ –º–æ—Å–∫–æ–≤—Å–∫–æ–º—É —Ç–µ–ª.: 8-967-173-06-63 –ò—Ä–∏–Ω–∞¬†(–∞–¥–º–∏–Ω–∏—Å—Ç—Ä–∞—Ç–æ—Ä)
–° 10:00-20:00
.
–°–≤—è–∑—å –ª–∏–±–æ —Å–æ –º–Ω–æ–π, –ª–∏–±–æ —Å –ò—Ä–∏–Ω–æ–π. –û—Å—Ç–µ—Ä–µ–≥–∞–π—Ç–µ—Å—å –º–æ—à–µ–Ω–Ω–∏–∫–æ–≤ ‚òùÔ∏è
...
..
.
#–∞–Ω—Ç–æ–Ω–æ–≤–∞–∏—Ä–∏–Ω–∞ #antonovairina #antonova_irina_decor #–∞–≤—Ç–æ—Ä—Å–∫–∏–π–¥–µ–∫–æ—Ä–∞–Ω—Ç–æ–Ω–æ–≤–æ–π #–∞–≤—Ç–æ—Ä—Å–∫–∏–π–¥–µ–∫–æ—Ä #–∞–Ω—Ç–æ–Ω–æ–≤—Å–∫–∏–π–¥–µ–∫–æ—Ä #–∞–Ω–æ–Ω—Å–º–∞—Å—Ç–µ—Ä–∫–ª–∞—Å—Å–∞ #–±–æ–Ω–±–æ–Ω—å–µ—Ä–∫–∞ #–∞–≤—Ç–æ—Ä—Å–∫–∞—è—Ñ—É—Ä–Ω–∏—Ç—É—Ä–∞ #–º–∞—Å—Ç–µ—Ä–∫–ª–∞—Å—Å–∞–Ω—Ç–æ–Ω–æ–≤–æ–π #–º–∞—Å—Ç–µ—Ä–∫–ª–∞—Å—Å–º–æ—Å–∫–≤–∞";1554368054;125;4776935777;True;–º–∞—Å—Ç–µ—Ä–∫–ª–∞—Å—Å–∞–Ω—Ç–æ–Ω–æ–≤–æ–π
BvBL94iB18n;"–ê–ù–û–ù–°!
–î–∞—Ç—ã –ø—Ä–æ–≤–µ–¥–µ–Ω–∏—è –ú–ö –≤ –ú–æ—Å–∫–≤–µ, —Å 19-22 –∞–ø—Ä–µ–ª—è 2019 –≥.
–†–∞—Å–ø–∏—Å–∞–Ω–∏–µ –±—É–¥–µ—Ç –≤—ã–ª–æ–∂–µ–Ω–æ –Ω–µ–¥–µ–ª–∏ —á–µ—Ä–µ–∑ –¥–≤–µ, –Ω–µ —Ä–∞–Ω—å—à–µ ‚òùÔ∏èüòä
...
..
.
#–∞–Ω—Ç–æ–Ω–æ–≤–∞–±–æ–ª—Ç–∞–µ—Ç #–∞–Ω—Ç–æ–Ω–æ–≤–∞–∏—Ä–∏–Ω–∞ #antonovairina #antonova_irina_decor #–º–∞—Å—Ç–µ—Ä–∫–ª–∞—Å—Å #–º–∞—Å—Ç–µ—Ä–∫–ª–∞—Å—Å–∞–Ω—Ç–æ–Ω–æ–≤–æ–π #–∞–Ω–æ–Ω—Å–º–∞—Å—Ç–µ—Ä–∫–ª–∞—Å—Å–∞";1552630535;52;4776935777;False;–º–∞—Å—Ç–µ—Ä–∫–ª–∞—Å—Å–∞–Ω—Ç–æ–Ω–æ–≤–æ–π
BvL-ZyGBo07;"–í—ã–±—Ä–∞–ª–∞ –Ω–∞–∫–æ–Ω–µ—Ü –ø–æ –≤–µ—Å–µ–Ω–Ω–µ —Å—É–º–∞—Å—à–µ–¥—à—É—é –ø—Ç–∏—á–∫—É –¥–ª—è –æ–±—Ä–∞–∑—Ü–∞ –∫ –ú–ö –ø–æ —ç–≥–ª–æ–º–∏–∑–µü§™
...
..
.
#–∞–Ω—Ç–æ–Ω–æ–≤–∞–±–æ–ª—Ç–∞–µ—Ç #–∞–Ω—Ç–æ–Ω–æ–≤—Å–∫–∏–π–¥–µ–∫–æ—Ä #–∞–Ω—Ç–æ–Ω–æ–≤–∞–∏—Ä–∏–Ω–∞ #–∞–Ω–æ–Ω—Å–º–∞—Å—Ç–µ—Ä–∫–ª–∞—Å—Å–∞ #antonovairina #antonova_irina_decor #—ç–≥–ª–æ–º–∏–∑–µ #–º–∞—Å—Ç–µ—Ä–∫–ª–∞—Å—Å #–º–∞—Å—Ç–µ—Ä–∫–ª–∞—Å—Å–∞–Ω—Ç–æ–Ω–æ–≤–æ–π #–ø—Ç–∏—Ü—ã–Ω–∞–∑–µ—Ä–∫–∞–ª–µ";1552992522;108;4776935777;False;–º–∞—Å—Ç–µ—Ä–∫–ª–∞—Å—Å–∞–Ω—Ç–æ–Ω–æ–≤–æ–π
BvWj9ziBasB;"–¢–∞–∫ –≤—ã–≥–ª—è–¥–∏—Ç –æ–±—Ä–∞–∑–µ—Ü –∫ –ú–ö –ø–æ —ç–≥–ª–æ–º–∏–∑–µ ""–ü—Ç–∏—Ü–∞"". –ë—É–¥–µ–º –¥–µ–ª–∞—Ç—å —Ç–æ—á–Ω–æ —Ç–∞–∫—É—é –∂–µ. –í—Å–µ –æ—Ç–≥–æ–≤–æ—Ä–∫–∏ ""—è –Ω–µ —É–º–µ—é —Ä–∏—Å–æ–≤–∞—Ç—å"", –æ—Ç–º–µ–Ω—è—é—Ç—Å—è. –£–º–µ–Ω–∏–µ —Ä–∏—Å–æ–≤–∞—Ç—å —Å–∞–º–æ—Å—Ç–æ—è—Ç–µ–ª—å–Ω–æ –Ω–µ —Ç—Ä–µ–±—É–µ—Ç—Å—è, —Ç–æ–ª—å–∫–æ –ø–æ –ø—Ä–∏–Ω—É–∂–¥–µ–Ω–∏—éüòä
–†–∞–∑–º–µ—Ä –ø–∞–Ω–Ω–æ 33*24 —Å–º, —Ä–∞–∑–º–µ—Ä –∑–µ—Ä–∫–∞–ª—å–Ω–æ–π —á–∞—Å—Ç–∏ 18*27 —Å–º.
...
..
.
#–∞–Ω—Ç–æ–Ω–æ–≤–∞–∏—Ä–∏–Ω–∞ #–∞–Ω–æ–Ω—Å–º–∞—Å—Ç–µ—Ä–∫–ª–∞—Å—Å–∞ #–∞–Ω—Ç–æ–Ω–æ–≤—Å–∫–∏–π–¥–µ–∫–æ—Ä #–º–∞—Å—Ç–µ—Ä–∫–ª–∞—Å—Å #–º–∞—Å—Ç–µ—Ä–∫–ª–∞—Å—Å–∞–Ω—Ç–æ–Ω–æ–≤–æ–π #antonova_irina_decor #antonovairina #—ç–≥–ª–æ–º–∏–∑–µ #–ø—Ç–∏—Ü—ã–Ω–∞–∑–µ—Ä–∫–∞–ª–µ #–∑–µ—Ä–∫–∞–ª–æ";1553347964;146;4776935777;True;–º–∞—Å—Ç–µ—Ä–∫–ª–∞—Å—Å–∞–Ω—Ç–æ–Ω–æ–≤–æ–π
Bv_a88FoI12;"–ü—Ä–æ—à–ª–∏ –¥–≤–∞ –ú–ö –ø–æ —ç–≥–ª–æ–º–∏–∑–µ""–ü—Ç–∏—Ü–∞""–≤ –°–∞–Ω–∫—Ç-–ü–µ—Ç–µ—Ä–±—É—Ä–≥–µ üéâ
–í—Å–µ –¥–µ–≤–æ—á–∫–∏ —Å–ø—Ä–∞–≤–∏–ª–∏—Å—å –Ω–∞ –£–†–ê!
–£ –∫–∞–∂–¥–æ–π ""—Å–≤–æ—è""–ø—Ç–∏—á–∫–∞, –æ–Ω–∏ —Ö–æ—Ç—å –∏ –ø–æ—Ö–æ–∂–∏, –Ω–æ –≤—Å—ë —Ä–∞–∑–Ω—ã–µ üê¶
–°–ø–∞—Å–∏–±–æ –≤—Å—ë–º, –∫—Ç–æ –ø—Ä–∏—Å—É—Ç—Å—Ç–≤–æ–≤–∞–ª üåπ
...
..
.
#–∞–Ω—Ç–æ–Ω–æ–≤–∞–∏—Ä–∏–Ω–∞ #–∞–Ω—Ç–æ–Ω–æ–≤—Å–∫–∏–π–¥–µ–∫–æ—Ä #–∞–≤—Ç–æ—Ä—Å–∫–∏–π–¥–µ–∫–æ—Ä #–º–∞—Å—Ç–µ—Ä–∫–ª–∞—Å—Å #—ç–≥–ª–æ–º–∏–∑–µ #–º–∞—Å—Ç–µ—Ä–∫–ª–∞—Å—Å–∞–Ω—Ç–æ–Ω–æ–≤–æ–π #–º–∞—Å—Ç–µ—Ä–∫–ª–∞—Å—Å—Å–ø–± #–∑–µ—Ä–∫–∞–ª–æ #–ø—Ç–∏—Ü—ã–Ω–∞–∑–µ—Ä–∫–∞–ª–µ";1554720749;146;4776935777;True;–º–∞—Å—Ç–µ—Ä–∫–ª–∞—Å—Å–∞–Ω—Ç–æ–Ω–æ–≤–æ–π
BvbXyZFh44A;"–ù–µ–±–æ–ª—å—à–æ–π –æ—Ç—á—ë—Ç –æ –ø—Ä–æ—à–µ–¥—à–µ–º –ú–ö –ø–æ –∏–º–∏—Ç–∞—Ü–∏–∏ —à–ø–æ–Ω–∞. –ó–∞–±—ã–≤–∞—é —Ñ–æ—Ç–æ–≥—Ä–∞—Ñ–∏—Ä–æ–≤–∞—Ç—å –≥–æ—Ç–æ–≤—ã–µ —Ä–∞–±–æ—Ç—ã üò¨, —ç—Ç–æ –∂–µ —É–∂–∞—Å! –ö–∞–±—ã –¥–µ–≤–æ—á–∫–∏ –Ω–µ –Ω–∞–ø–æ–º–Ω–∏–ª–∏, –∏ —ç—Ç–∏—Ö —Ñ–æ—Ç–æ–≥—Ä–∞—Ñ–∏–π –±—ã –Ω–µ –±—ã–ª–æ.
.
–ß–µ–º –¥–æ–ª—å—à–µ –ø—Ä–æ–≤–æ–∂—É –ú–ö, —Ç–µ–º —Ä–µ–∂–µ —Ñ–æ—Ç–æ–≥—Ä–∞—Ñ–∏—Ä—É—é ‚òπÔ∏è
...
..
.
#–∞–Ω—Ç–æ–Ω–æ–≤–∞–±–æ–ª—Ç–∞–µ—Ç #–∞–Ω—Ç–æ–Ω–æ–≤—Å–∫–∏–π–¥–µ–∫–æ—Ä #–∞–Ω—Ç–æ–Ω–æ–≤–∞–∏—Ä–∏–Ω–∞ #antonovairina #antonova_irina_decor #–º–∞—Å—Ç–µ—Ä–∫–ª–∞—Å—Å #–º–∞—Å—Ç–µ—Ä–∫–ª–∞—Å—Å–∞–Ω—Ç–æ–Ω–æ–≤–æ–π #–∏–º–∏—Ç–∞—Ü–∏—è—à–ø–æ–Ω–∞";1553509746;126;4776935777;True;–º–∞—Å—Ç–µ—Ä–∫–ª–∞—Å—Å–∞–Ω—Ç–æ–Ω–æ–≤–æ–π
Bvqok4WBzTy;"–ñ–∞—Ä–¥–∏–Ω—å–µ—Ä–∫–∞ –ø–æ–¥–≤–µ—Å–Ω–∞—è. –î–ª—è –∏—Å–∫—É—Å—Å—Ç–≤–µ–Ω–Ω—ã—Ö —Ü–≤–µ—Ç–æ–≤ –∏–ª–∏ —Å—É—Ö–æ—Å—Ç–æ—è. –ü–æ–¥–≤–µ—à–∏–≤–∞–µ—Ç—Å—è –≤ –ª—é–±–æ–µ –º–µ—Å—Ç–æ, –∫—É–¥–∞ –º–æ–∂–Ω–æ –ø–æ–¥–≤–µ—Å–∏—Ç—å, –Ω–∞ –æ–∫–Ω–æ, –±—Ä–∞, –ª—é—Å—Ç—Ä—É –∏ —Ç.–¥. –ï—Å–ª–∏ –¥–µ–∫–æ—Ä–∏—Ä–æ–≤–∞—Ç—å –∑–∞–≥–æ—Ç–æ–≤–∫—É –ø–æ–¥ –ù–ì, —Ç–æ –ø–æ–¥–æ–±–Ω—ã–π –ø–æ–¥–≤–µ—Å —É–∫—Ä–∞—à–∞–µ—Ç—Å—è –µ–ª–æ–≤—ã–º–∏ –≤–µ—Ç–∫–∞–º–∏ —Å –∏–≥—Ä—É—à–∫–∞–º–∏. –ê —Ç–∞–∫–∂–µ –º–æ–∂–Ω–æ –∑–∞–¥–µ–∫–æ—Ä–∏—Ä–æ–≤–∞—Ç—å –∏ –ø–æ–¥ —Ü–≤–µ—Ç –º–µ–±–µ–ª–∏, –Ω–∞–ø—Ä–∏–º–µ—Ä –ø–æ–¥ —Ä–µ–∑–Ω–æ–µ –∫—Ä–∞—Å–Ω–æ–µ –¥–µ—Ä–µ–≤–æ. –ú–æ–∂–µ—Ç –∏—Å–ø–æ–ª—å–∑–æ–≤–∞—Ç—å—Å—è –Ω–µ —Ç–æ–ª—å–∫–æ –∫–∞–∫ –ø–æ–¥–≤–µ—Å, –Ω–æ –∏ –∫–∞–∫ —ë–º–∫–æ—Å—Ç—å –¥–ª—è –ø–æ–¥–∞—Ä–∫–∞ –≤ –∫–æ—Ç –º–æ–∂–Ω–æ –Ω–∞—Å—ã–ø–∞—Ç—å –∫–æ–Ω—Ñ–µ—Ç, –∑–∞–≤–µ—Ä–Ω—É—Ç—å –≤ –ø—Ä–æ–∑—Ä–∞—á–Ω—ã–π –∫—É–ª—ë–∫ –∏ –≤—Ä—É—á–∏—Ç—å –≤—Ä—É—á–∞–µ–º–æ–º—É.
.
–ü–æ –¥–∞–Ω–Ω–æ–º—É –∏–∑–¥–µ–ª–∏—é –±—É–¥–µ—Ç –ø—Ä–æ—Ö–æ–¥–∏—Ç—å –º–∞—Å—Ç–µ—Ä-–∫–ª–∞—Å—Å—ã.
...
..
.
#–∞–Ω—Ç–æ–Ω–æ–≤–∞–∏—Ä–∏–Ω–∞ #antonova_irina_decor #antonovairina #–∞–Ω—Ç–æ–Ω–æ–≤—Å–∫–∏–π–¥–µ–∫–æ—Ä #–∞–Ω–æ–Ω—Å–º–∞—Å—Ç–µ—Ä–∫–ª–∞—Å—Å–∞ #–∞–≤—Ç–æ—Ä—Å–∫–∏–π–¥–µ–∫–æ—Ä–∞–Ω—Ç–æ–Ω–æ–≤–æ–π #–∞–≤—Ç–æ—Ä—Å–∫–∏–π–¥–µ–∫–æ—Ä #–∂–∞—Ä–¥–∏–Ω—å–µ—Ä–∫–∞ #–ø–æ–¥–≤–µ—Å–Ω–∞—è–∂–∞—Ä–¥–∏–Ω—å–µ—Ä–∫–∞ #–∫–∞—à–ø–æ #–∫–∞—à–ø–æ–¥–ª—è—Ü–≤–µ—Ç–æ–≤ #–∫–∞—à–ø–æ—Å–≤–æ–∏–º–∏—Ä—É–∫–∞–º–∏ #–º–∞—Å—Ç–µ—Ä–∫–ª–∞—Å—Å #–º–∞—Å—Ç–µ—Ä–∫–ª–∞—Å—Å–∞–Ω—Ç–æ–Ω–æ–≤–æ–π";1554021266;189;4776935777;False;–º–∞—Å—Ç–µ—Ä–∫–ª–∞—Å—Å–∞–Ω—Ç–æ–Ω–æ–≤–æ–π
BvqsTOvB3CX;"–†–∞—Å–ø–∏—Å–∞–Ω–∏–µ –ú–ö –≤ –ú–æ—Å–∫–≤–µ —Å 19-22 –∞–ø—Ä–µ–ª—è 2019 –≥.¬†
–î–ª—è –∑–∞–ø–∏—Å–∏ –Ω–∞ –ú–ö –∑–≤–æ–Ω–∏—Ç—å –ø–æ –º–æ—Å–∫–æ–≤—Å–∫–æ–º—É —Ç–µ–ª.: 8-967-173-06-63 –ò—Ä–∏–Ω–∞(–∞–¥–º–∏–Ω–∏—Å—Ç—Ä–∞—Ç–æ—Ä)
–° 10:00-20:00
.
–°–≤—è–∑—å –ª–∏–±–æ —Å–æ –º–Ω–æ–π, –ª–∏–±–æ —Å –ò—Ä–∏–Ω–æ–π, –æ—Å—Ç–µ—Ä–µ–≥–∞–π—Ç–µ—Å—å –º–æ—à–µ–Ω–Ω–∏–∫–æ–≤!!!
_______________________________¬†
19 –∞–ø—Ä–µ–ª—è(–ø—è—Ç–Ω–∏—Ü–∞)¬†
–Ω–∞—á–∞–ª–æ –≤ 14:00¬†
–ú–ö-""–ë–æ–Ω–±–æ–Ω—å–µ—Ä–∫–∞""
—Ü–µ–Ω–∞: 9800 —Ä¬†
________________________________¬†
20 –∞–ø—Ä–µ–ª—è(—Å—É–±–±–æ—Ç–∞-—É—Ç—Ä–æ)¬†
–Ω–∞—á–∞–ª–æ –≤ 10:00¬†
–ú–ö-–ø–∞–Ω–Ω–æ —ç–≥–ª–æ–º–∏–∑–µ ""–ü—Ç–∏—Ü–∞""¬†
—Ü–µ–Ω–∞: 4700 —Ä¬†
________________________________¬†
20 –∞–ø—Ä–µ–ª—è(—Å—É–±–±–æ—Ç–∞-–≤–µ—á–µ—Ä)¬†
–Ω–∞—á–∞–ª–æ –≤ 16:00¬†
–ú–ö-–∂–∞—Ä–¥–∏–Ω—å–µ—Ä–∫–∞ ""–ë—É—Ç–æ–Ω""
—Ü–µ–Ω–∞: 5100 —Ä¬†
________________________________¬†
21 –∞–ø—Ä–µ–ª—è(–≤–æ—Å–∫—Ä–µ—Å–µ–Ω—å–µ-—É—Ç—Ä–æ)¬†
–Ω–∞—á–∞–ª–æ –≤ 10:00¬†
–ú–ö-–±—Ä–æ—à—å ""–ñ—É–∫""
—Ü–µ–Ω–∞: 4800 —Ä¬†
________________________________
21 –∞–ø—Ä–µ–ª—è(–≤–æ—Å–∫—Ä–µ—Å–µ–Ω—å–µ-–≤–µ—á–µ—Ä)
–Ω–∞—á–∞–ª–æ –≤ 15:00
–ú–ö-—è–π—Ü–æ-—à–∫–∞—Ç—É–ª–∫–∞ —Å —á–∞—Å–∞–º–∏ ""–°–µ—Ç–∫–∞""
—Ü–µ–Ω–∞:6300 —Ä
________________________________¬†
22 –∞–ø—Ä–µ–ª—è(–ø–æ–Ω–µ–¥–µ–ª—å–Ω–∏–∫-—É—Ç—Ä–æ)¬†
–Ω–∞—á–∞–ª–æ –≤ 11:00¬†
–ú–ö-–ø–∞–Ω–Ω–æ —ç–≥–ª–æ–º–∏–∑–µ ""–ü—Ç–∏—Ü–∞"" -2
—Ü–µ–Ω–∞: 4700 —Ä¬†
_______________________________
22 –∞–ø—Ä–µ–ª—è(–ø–æ–Ω–µ–¥–µ–ª—å–Ω–∏–∫-–≤–µ—á–µ—Ä)
–Ω–∞—á–∞–ª–æ –≤ 16:00
–ú–ö-–±—É–ª–∞–≤–∫–∞
—Ü–µ–Ω–∞: 2000 —Ä
...
..
.
#–∞–Ω—Ç–æ–Ω–æ–≤–∞–∏—Ä–∏–Ω–∞ #antonovairina #antonova_irina_decor #–∞–Ω—Ç–æ–Ω–æ–≤—Å–∫–∏–π–¥–µ–∫–æ—Ä #–∞–≤—Ç–æ—Ä—Å–∫–∏–π–¥–µ–∫–æ—Ä–∞–Ω—Ç–æ–Ω–æ–≤–æ–π #–∞–Ω—Ç–æ–Ω–æ–≤—Å–∫–∏–π–¥–µ–∫–æ—Ä #–º–∞—Å—Ç–µ—Ä–∫–ª–∞—Å—Å #–º–∞—Å—Ç–µ—Ä–∫–ª–∞—Å—Å–∞–Ω—Ç–æ–Ω–æ–≤–æ–π #—è–π—Ü–æ—á–∞—Å—ã #—è–π—Ü–æ—à–∫–∞—Ç—É–ª–∫–∞ #—è–π—Ü–æ—Å–µ—Ç–∫–∞ #—ç–≥–ª–æ–º–∏–∑–µ #–∑–µ—Ä–∫–∞–ª–æ #–∂–∞—Ä–¥–∏–Ω—å–µ—Ä–∫–∞ #–º–∞—Å—Ç–µ—Ä–∫–ª–∞—Å—Å–º–æ—Å–∫–≤–∞ #—Ü–∏–∫–∞–¥–∞ #–±—Ä–æ—à—å–∂—É–∫ #–∂—É–∫ #–±—É–ª–∞–≤–∫–∞ #–±–æ–Ω–±–æ–Ω—å–µ—Ä–∫–∞ #—à–∫–∞—Ç—É–ª–∫–∞–¥–ª—è–∫–æ–Ω—Ñ–µ—Ç #–∫–æ–Ω—Ñ–µ—Ç–Ω–∏—Ü–∞";1554023218;108;4776935777;False;–º–∞—Å—Ç–µ—Ä–∫–ª–∞—Å—Å–∞–Ω—Ç–æ–Ω–æ–≤–æ–π
Bvtato0BUDr;"–í–∏–¥–µ–æ –æ–±–∑–æ—Ä —à–∫–∞—Ç—É–ª–∫–∏ —Å —á–∞—Å–∞–º–∏ –≤ –≤–∏–¥–µ —è–π—Ü–∞. –ß–∞—Å—ã —Ö–æ–¥—è—Ç! –û–±—Ä–∞–∑–µ—Ü –∫ –ú–ö. –ë–ª–∏–∂–∞–π—à–∏–π –ú–ö –ø—Ä–æ–π–¥–µ—Ç –≤ –ú–æ—Å–∫–≤–µ —Å 19-22 –∞–ø—Ä–µ–ª—è. –ü–æ –≤—Å–µ–º –≤–æ–ø—Ä–æ—Å–∞–º –∏ –∑–∞–ø–∏—Å–∏, –∑–≤–æ–Ω–∏—Ç—å –ø–æ –º–æ—Å–∫–æ–≤—Å–∫–æ–º—É —Ç–µ–ª–µ—Ñ–æ–Ω—É –∞–¥–º–∏–Ω–∏—Å—Ç—Ä–∞—Ç–æ—Ä—É –ò—Ä–∏–Ω–µ: +7(967)173-06-63
–°–≤—è–∑—å –¢–û–õ–¨–ö–û –ª–∏–±–æ –°–û –ú–ù–û–ô, –ª–∏–±–æ –° –ò–†–ò–ù–û–ô. –û—Å—Ç–µ—Ä–µ–≥–∞–π—Ç–µ—Å—å –º–æ—à–µ–Ω–Ω–∏–∫–æ–≤ ‚òùÔ∏èüò¨
...
..
.
#–∞–Ω—Ç–æ–Ω–æ–≤–∞–∏—Ä–∏–Ω–∞ #antonovairina #antonova_irina_decor #–∞–≤—Ç–æ—Ä—Å–∫–∏–π–¥–µ–∫–æ—Ä–∞–Ω—Ç–æ–Ω–æ–≤–æ–π #–∞–≤—Ç–æ—Ä—Å–∫–∏–π–¥–µ–∫–æ—Ä #–º–∞—Å—Ç–µ—Ä–∫–ª–∞—Å—Å #–º–∞—Å—Ç–µ—Ä–∫–ª–∞—Å—Å–∞–Ω—Ç–æ–Ω–æ–≤–æ–π #–º–∞—Å—Ç–µ—Ä–∫–ª–∞—Å—Å–º–æ—Å–∫–≤–∞ #—á–∞—Å—ã #—à–∫–∞—Ç—É–ª–∫–∞—Å—á–∞—Å–∞–º–∏ #—è–π—Ü–æ—à–∫–∞—Ç—É–ª–∫–∞ #—è–π—Ü–æ—á–∞—Å—ã #—è–π—Ü–æ—Å–µ—Ç–∫–∞";1554115161;141;4776935777;True;–º–∞—Å—Ç–µ—Ä–∫–ª–∞—Å—Å–∞–Ω—Ç–æ–Ω–æ–≤–æ–π
Bvvul7xB4Hw;"–î–µ–∫–æ—Ä–∞—Ç–∏–≤–Ω–∞—è –ø–æ–¥–≤–µ—Å–Ω–∞—è –∂–∞—Ä–¥–∏–Ω—å–µ—Ä–∫–∞! –û–±—Ä–∞–∑–µ—Ü –∫ –ú–ö.
.
–ù–∞–∑–≤–∞–Ω–∏–µ —Å–ª–æ–≤–æ ""–∂–∞—Ä–¥–∏–Ω—å–µ—Ä–∫–∞""–ø—Ä–æ–∏–∑–æ—à–ª–æ –æ—Ç —Ñ—Ä–∞–Ω—Ü—É–∑—Å–∫–æ–≥–æ jardiniere, —á—Ç–æ –∑–Ω–∞—á–∏—Ç""—Å–∞–¥–æ–≤–Ω–∏—Ü–∞"". –ü—Ä–µ–¥—Å—Ç–∞–≤–ª—è–µ—Ç —Å–æ–±–æ–π –ø–æ–¥—Å—Ç–∞–≤–∫—É, –∫–æ–Ω—Å–æ–ª—å –∏–ª–∏ —Å—Ç–æ–ª–∏–∫-–≥–µ—Ä–∏–¥–æ–Ω, —É –∫–æ—Ç–æ—Ä–æ–≥–æ –≤–º–µ—Å—Ç–æ —Å—Ç–æ–ª–µ—à–Ω–∏—Ü—ã —É–∫—Ä–µ–ø–ª–µ–Ω–∞ –∫–æ—Ä–∑–∏–Ω–∞ –∏–ª–∏ –µ–º–∫–æ—Å—Ç—å –¥–ª—è —Ü–≤–µ—Ç–æ–≤.
.
–í —à–∏—Ä–æ–∫–æ–º —Å–º—ã—Å–ª–µ, –∂–∞—Ä–¥–∏–Ω—å–µ—Ä–∫–∞ ‚Äì —ç—Ç–æ —Ö—É–¥–æ–∂–µ—Å—Ç–≤–µ–Ω–Ω–æ –æ—Ñ–æ—Ä–º–ª–µ–Ω–Ω–∞—è –∫–æ—Ä–∑–∏–Ω–∫–∞, —è—â–∏–∫, —Å—Ç–æ–ª–∏–∫, —ç—Ç–∞–∂–µ—Ä–∫–∞ –∏–ª–∏ –ø–æ–¥—Å—Ç–∞–≤–∫–∞ –¥–ª—è –∫–æ–º–Ω–∞—Ç–Ω—ã—Ö —Ü–≤–µ—Ç–æ–≤.¬†–†–∞–Ω—å—à–µ –∂–∞—Ä–¥–∏–Ω—å–µ—Ä–∫–∏ –ø—Ä–µ–¥–Ω–∞–∑–Ω–∞—á–∞–ª–∏—Å—å –∏–ª–∏ –¥–ª—è –∫–æ–º–Ω–∞—Ç, –∏–ª–∏ –¥–ª—è –æ—Ä–∞–Ω–∂–µ—Ä–µ–π.
.
–î–æ –∏–∑–æ–±—Ä–µ—Ç–µ–Ω–∏—è —Ü–µ–Ω—Ç—Ä–∞–ª—å–Ω–æ–≥–æ –æ—Ç–æ–ø–ª–µ–Ω–∏—è —Ü–≤–µ—Ç—ã –Ω–µ–ª—å–∑—è –±—ã–ª–æ —Å—Ç–∞–≤–∏—Ç—å –Ω–∞ –ø–æ–¥–æ–∫–æ–Ω–Ω–∏–∫, —Ç–∞–∫ –∫–∞–∫ –æ–Ω–∏ –º–æ–≥–ª–∏ —Ç–∞–º –∑–∞–º–µ—Ä–∑–Ω—É—Ç—å, ‚Äì –æ—Ç—Å—é–¥–∞ –Ω–µ–æ–±—Ö–æ–¥–∏–º–æ—Å—Ç—å –≤ —Å–ø–µ—Ü–∏–∞–ª—å–Ω—ã—Ö –ø–æ–¥—Å—Ç–∞–≤–∫–∞—Ö –¥–ª—è –Ω–∏—Ö.
.
–ñ–∞—Ä–¥–∏–Ω—å–µ—Ä–∫–∏ –±—ã–ª–∏ —Å–∞–º—ã—Ö —Ä–∞–∑–Ω—ã—Ö —Ñ–æ—Ä–º, —Ä–∞–∑–º–µ—Ä–æ–≤ –∏ –¥–µ–ª–∞–ª–∏—Å—å –∏–∑ —Ä–∞–∑–ª–∏—á–Ω—ã—Ö –º–∞—Ç–µ—Ä–∏–∞–ª–æ–≤ ‚Äì –¥–µ—Ä–µ–≤–∞, –ø–ª–µ—Ç–µ–Ω–∫–∏, –º–µ—Ç–∞–ª–ª–∞.¬†
–ü–ª–µ—Ç–µ–Ω—ã–µ –∂–∞—Ä–¥–∏–Ω—å–µ—Ä–∫–∏ –∏–∑–≥–æ—Ç–æ–≤–ª—è–ª–∏—Å—å –∏–∑ –ø—Ä—É—Ç—å–µ–≤ –∏–≤—ã, –∫–∞–º—ã—à–∞, –±–∞–º–±—É–∫–∞, —Å–æ–ª–æ–º—ã, —Ä–æ–≥–æ–∑–∞. –°–∞–º—ã–º–∏ –ª–µ–≥–∫–∏–º–∏, –ø—Ä–æ—á–Ω—ã–º–∏ –∏ –¥–µ—à–µ–≤—ã–º–∏ –±—ã–ª–∏ –ø–æ–¥—Å—Ç–∞–≤–∫–∏ –∏–∑ –∏–≤—ã, –∫–æ—Ç–æ—Ä–∞—è –Ω–µ –±–æ–∏—Ç—Å—è –≤–ª–∞–≥–∏. –ö–æ–º–±–∏–Ω–∏—Ä–æ–≤–∞–Ω–Ω—ã–µ –∂–∞—Ä–¥–∏–Ω—å–µ—Ä–∫–∏ –¥–µ–ª–∞–ª–∏ –∏–∑ –º–µ—Ç–∞–ª–ª–∞, –¥—Ä–µ–≤–µ—Å–∏–Ω—ã, —Å—Ç–µ–∫–ª–∞ –∏ –ø–ª–∞—Å—Ç–º–∞—Å—Å.
...
..
.
#–∞–Ω—Ç–æ–Ω–æ–≤–∞–∏—Ä–∏–Ω–∞ #–∞–Ω—Ç–æ–Ω–æ–≤—Å–∫–∏–π–¥–µ–∫–æ—Ä #–∞–Ω–æ–Ω—Å–º–∞—Å—Ç–µ—Ä–∫–ª–∞—Å—Å–∞ #–∞–≤—Ç–æ—Ä—Å–∫–∏–π–¥–µ–∫–æ—Ä–∞–Ω—Ç–æ–Ω–æ–≤–æ–π #–∞–Ω—Ç–æ–Ω–æ–≤—Å–∫–∏–π–¥–µ–∫–æ—Ä #antonovairina #antonova_irina_decor #–∂–∞—Ä–¥–∏–Ω—å–µ—Ä–∫–∞ #–º–∞—Å—Ç–µ—Ä–∫–ª–∞—Å—Å #–º–∞—Å—Ç–µ—Ä–∫–ª–∞—Å—Å–∞–Ω—Ç–æ–Ω–æ–≤–æ–π #–∫–∞—à–ø–æ #–∫–∞—à–ø–æ–¥–ª—è—Ü–≤–µ—Ç–æ–≤";1554193068;172;4776935777;True;–º–∞—Å—Ç–µ—Ä–∫–ª–∞—Å—Å–∞–Ω—Ç–æ–Ω–æ–≤–æ–π
BvyZuq4oxaq;"–û–±—Ä–∞–∑–µ—Ü –∫ –ú–ö-–±—É–ª–∞–≤–∫–∞ –¥–ª—è –æ–¥–µ–∂–¥—ã –∏–ª–∏ –≥–æ–ª–æ–≤–Ω—ã—Ö —É–±–æ—Ä–æ–≤ –≤ –≤–∏–Ω—Ç–∞–∂–Ω–æ–º —Å—Ç–∏–ª–µ. –°–ø–µ—Ü–∏–∞–ª—å–Ω–æ –ø—Ä–æ–¥—É–º–∞–Ω–Ω–æ–µ –∫—Ä–µ–ø–ª–µ–Ω–∏–µ —É–¥–æ–±–Ω–æ–µ –¥–ª—è –Ω–æ—Å–∫–∏, —Å–æ–±—Å—Ç–≤–µ–Ω–Ω–æ–π –±–µ–∑–æ–ø–∞—Å–Ω–æ—Å—Ç–∏ –∏ –Ω–∞–¥—ë–∂–Ω–æ—Å—Ç–∏(—á—Ç–æ –±—ã –ø—Ä–æ—Å—Ç–æ –Ω–µ –ø–æ—Ç–µ—Ä—è—Ç—å).
.
–ë–ª–∏–∂–∞–π—à–∏–π –ú–ö –≤ –ú–æ—Å–∫–≤–µ:
22 –∞–ø—Ä–µ–ª—è(–ø–æ–Ω–µ–¥–µ–ª—å–Ω–∏–∫-–≤–µ—á–µ—Ä)
–Ω–∞—á–∞–ª–æ –≤ 16:00
—Ü–µ–Ω–∞: 2000 —Ä
.
–ó–∞–ø–∏—Å–∞—Ç—å—Å—è –º–æ–∂–Ω–æ –ø–æ –º–æ—Å–∫–æ–≤—Å–∫–æ–º—É —Ç–µ–ª.: 8-967-173-06-63 –ò—Ä–∏–Ω–∞(–∞–¥–º–∏–Ω–∏—Å—Ç—Ä–∞—Ç–æ—Ä)
–° 10:00-20:00
–û—Å—Ç–∞–ª–æ—Å—å –ø–∞—Ä—É –º–µ—Å—Ç!
.
–°–≤—è–∑—å –ª–∏–±–æ —Å–æ –º–Ω–æ–π, –ª–∏–±–æ —Å –ò—Ä–∏–Ω–æ–π (–∞–¥–º–∏–Ω–∏—Å—Ç—Ä–∞—Ç–æ—Ä–æ–º). –û—Å—Ç–µ—Ä–µ–≥–∞–π—Ç–µ—Å—å –º–æ—à–µ–Ω–Ω–∏–∫–æ–≤ ‚òùÔ∏è
...
..
.
#–∞–Ω—Ç–æ–Ω–æ–≤–∞–∏—Ä–∏–Ω–∞ #–∞–Ω–æ–Ω—Å–º–∞—Å—Ç–µ—Ä–∫–ª–∞—Å—Å–∞ #antonovairina #antonova_irina_decor #–º–∞—Å—Ç–µ—Ä–∫–ª–∞—Å—Å #–º–∞—Å—Ç–µ—Ä–∫–ª–∞—Å—Å–∞–Ω—Ç–æ–Ω–æ–≤–æ–π #–º–∞—Å—Ç–µ—Ä–∫–ª–∞—Å—Å–º–æ—Å–∫–≤–∞ #–±—É–ª–∞–≤–∫–∞ #–≤–∏–Ω—Ç–∞–∂–Ω–∞—è–±—É–ª–∞–≤–∫–∞";1554282264;102;4776935777;True;–º–∞—Å—Ç–µ—Ä–∫–ª–∞—Å—Å–∞–Ω—Ç–æ–Ω–æ–≤–æ–π
Bw15YCnogeE;"–í—Ç–æ—Ä–∞—è –æ—Ç—á–µ—Ç–Ω–∞—è —á–∞—Å—Ç—å –ø–æ –ú–ö-—è–π—Ü–æ-—á–∞—Å—ã""–°–µ—Ç–∫–∞""!
–î–µ–≤–æ—á–∫–∏ –º–æ–ª–æ–¥—Ü—ã, –∏ –¥–æ–±–∞–≤–∏—Ç—å –Ω–µ—á–µ–≥–æ
...
..
.
#–∞–Ω—Ç–æ–Ω–æ–≤–∞–∏—Ä–∏–Ω–∞ 
#–∞–Ω—Ç–æ–Ω–æ–≤—Å–∫–∏–π–¥–µ–∫–æ—Ä 
#antonova_irina_decor
#antonovairina
#–∞–≤—Ç–æ—Ä—Å–∫–∏–π–¥–µ–∫–æ—Ä
#–º–∞—Å—Ç–µ—Ä–∫–ª–∞—Å—Å–∞–Ω—Ç–æ–Ω–æ–≤–æ–π #–º–∞—Å—Ç–µ—Ä–∫–ª–∞—Å—Å #–º–∞—Å—Ç–µ—Ä–∫–ª–∞—Å—Å–º–æ—Å–∫–≤–∞ #—á–∞—Å—ã #—è–π—Ü–æ—à–∫–∞—Ç—É–ª–∫–∞ #—è–π—Ü–æ—á–∞—Å—ã #—è–π—Ü–æ—Å–µ—Ç–∫–∞";1556546676;91;4776935777;True;–º–∞—Å—Ç–µ—Ä–∫–ª–∞—Å—Å–∞–Ω—Ç–æ–Ω–æ–≤–æ–π
Bw6TpTaoPeU;"–†–µ–∑—É–ª—å—Ç–∞—Ç –ú–ö-–ü—Ç–∏—Ü–∞ –≤ –ú–æ—Å–∫–≤–µ üéâ
–ú–æ—Å–∫–æ–≤—Å–∫–∏–µ –ø—Ç–∏—á–∫–∏!
–û–±—Ä–∞—Ç–∏—Ç–µ –≤–Ω–∏–º–∞–Ω–∏–µ, —á—Ç–æ –ø—Ç–∏—Ü—ã –≤—Å–µ —Ä–∞–∑–Ω—ã–µ, —É –∫–∞–∂–¥–æ–≥–æ —Å–æ —Å–≤–æ–∏–º —Ö–∞—Ä–∞–∫—Ç–µ—Ä–æ–º.üê¶
...
..
.
#–∞–Ω—Ç–æ–Ω–æ–≤–∞–∏—Ä–∏–Ω–∞ 
#–∞–Ω—Ç–æ–Ω–æ–≤—Å–∫–∏–π–¥–µ–∫–æ—Ä 
#antonova_irina_decor
#antonovairina
#–∞–≤—Ç–æ—Ä—Å–∫–∏–π–¥–µ–∫–æ—Ä
#–º–∞—Å—Ç–µ—Ä–∫–ª–∞—Å—Å–∞–Ω—Ç–æ–Ω–æ–≤–æ–π #–º–∞—Å—Ç–µ—Ä–∫–ª–∞—Å—Å #–º–∞—Å—Ç–µ—Ä–∫–ª–∞—Å—Å–º–æ—Å–∫–≤–∞ #–ø—Ç–∏—Ü–∞ #–ø—Ç–∏—Ü—ã–Ω–∞–∑–µ—Ä–∫–∞–ª–µ";1556694832;87;4776935777;True;–º–∞—Å—Ç–µ—Ä–∫–ª–∞—Å—Å–∞–Ω—Ç–æ–Ω–æ–≤–æ–π
BwB5Zo0BxbE;"–î—Ä–∞—Ç—É—Ç–∏! –∑–∑–±–∞–∑–∏–±–æ —Ñ—Å–µ–º...–∫—Ç–æ –∞–∫—Ç–∏–≤–Ω–æ –ø–∏—à–µ—Ç—Å—è –Ω–∞ –º–∞—Å—Ç–µ—Ä-–∫–ª–∞—Å—Å—ã! –ë–ª–∞–≥–æ–¥–∞—Ä—è –≤–∞–º, –∑–∞ –ø–æ—Å–ª–µ–¥–Ω—é—é –Ω–µ–¥–µ–ª—é, —è —Å—Ç–∞–ª–∞ –º–∞–≥–Ω–∞—Ç–æ–º –ø–æ—Ä–æ—à–∫–∞ –∏ –ø—ã–ª–∏!
...–Ω—É...—à–∫—É—Ä–∏—Ç—å —è –Ω–∏–∫–æ–≥–¥–∞ –Ω–µ –ª—é–±–∏–ª–∞.

–ú–µ–∂–¥—É –ø—Ä–æ—á–∏–º, –æ—á–µ–Ω—å –æ—á–µ–≤–∏–¥–Ω–æ, —á—Ç–æ –∑–∞–≥–æ—Ç–æ–≤–∫–∞ –∫–æ–Ω—Ñ–µ—Ç–Ω–∏—Ü—ã, –≤–µ—Å—å–º–∞ –≤–Ω—É—à–∏—Ç–µ–ª—å–Ω–∞. –ê —Å–∫–æ–ª—å–∫–æ –≤ –Ω–µ—ë –º–æ–∂–Ω–æ —Å–ø—Ä—è—Ç–∞—Ç—å –æ—Ç —Ç–µ—Ö, –∫—Ç–æ –≤—Å—ë –≤—Ä–µ–º—è –Ω–∞—Ö–æ–¥–∏—Ç?!üòñ –ü—ã—Å-–ø—ã—Å:
–ö—Å—Ç–∞—Ç–∏ –≥–æ–ª–æ–≤–∞ –≤ –≤–∞–∑–æ–Ω –Ω–µ –ª–µ–∑–µ—Ç‚òùÔ∏èüòä
.
–ê —Ç–∞–∫–∂–µ –Ω–∞–ø–æ–º–Ω—é, —á—Ç–æ –∑–∞–ø–∏—Å—å –Ω–∞ –ú–ö –µ—â—ë –∏–¥—ë—Ç. –ó–∞–ø–∏—Å–∞—Ç—å—Å—è –º–æ–∂–Ω–æ –ø–æ –º–æ—Å–∫–æ–≤—Å–∫–æ–º—É —Ç–µ–ª–µ—Ñ–æ–Ω—É: +7(967)173-06-63 –ò—Ä–∏–Ω–∞(–∞–¥–º–∏–Ω–∏—Å—Ç—Ä–∞—Ç–æ—Ä)üåπ –ü—Ä–µ–¥–ª–æ–∂–µ–Ω–∏–µ –¥–ª—è –ú–æ—Å–∫–≤—ã ü§ó
...
..
.
#–∞–Ω—Ç–æ–Ω–æ–≤–∞–∏—Ä–∏–Ω–∞ #–∞–Ω–æ–Ω—Å–º–∞—Å—Ç–µ—Ä–∫–ª–∞—Å—Å–∞ #–∞–Ω—Ç–æ–Ω–æ–≤–∞–±–æ–ª—Ç–∞–µ—Ç #–∞–Ω—Ç–æ–Ω–æ–≤—Å–∫–∏–π–¥–µ–∫–æ—Ä #–∞–≤—Ç–æ—Ä—Å–∫–∏–π–¥–µ–∫–æ—Ä–∞–Ω—Ç–æ–Ω–æ–≤–æ–π #–∞–≤—Ç–æ—Ä—Å–∫–∏–π–¥–µ–∫–æ—Ä #antonovairina #antonova_irina_decor #–º–∞—Å—Ç–µ—Ä–∫–ª–∞—Å—Å #–º–∞—Å—Ç–µ—Ä–∫–ª–∞—Å—Å–º–æ—Å–∫–≤–∞ #–º–∞—Å—Ç–µ—Ä–∫–ª–∞—Å—Å–∞–Ω—Ç–æ–Ω–æ–≤–æ–π #–∫–æ–Ω—Ñ–µ—Ç–Ω–∏—Ü–∞ #–¥–µ–∫–æ—Ä #–¥–µ–∫—É–ø–∞–∂";1554801839;95;4776935777;False;–º–∞—Å—Ç–µ—Ä–∫–ª–∞—Å—Å–∞–Ω—Ç–æ–Ω–æ–≤–æ–π
BwRIYdDId7v;"–ê –º–µ–Ω—è –ø–æ–ø–∫–∞ –∫–∞–∫ —É –ø—á—ë–ª–∫–∏, –≤—Å—è –≤...üêùüêùüêù
–ß—Ç–æ–±—ã –¥–æ–ª–≥–æ –Ω–µ –ø–∏—Å–∞—Ç—å, –±—ã—Å—Ç—Ä–µ–µ —Å–Ω—è—Ç—å –∫–æ—Ä–æ—Ç–∫–∏–π –≤–∏–¥–æ—Å –ø–æ–¥–≥–æ—Ç–æ–≤–∫–∏ –∫ –ú–ö –≤ –ú–æ—Å–∫–≤–µ! –≠—Ç–æ –ª–∏—à—å 1/5 –≤—Å–µ–≥–æ —Ç–æ–≥–æ...üò≤
.
–ù–∞–ø–æ–º–∏–Ω–∞—é‚òùÔ∏è —Å 19-22 –∞–ø—Ä–µ–ª—è, –ø—Ä–æ–π–¥—É—Ç –ú–ö –≤ —Å—Ç–æ–ª–∏—Ü–µ. –ü–æ –≤—Å–µ–º –≤–æ–ø—Ä–æ—Å–∞–º –ø–∏—à–∏—Ç–µ –≤ –¥–∏—Ä–µ–∫—Ç.
...
..
.
#–∞–Ω—Ç–æ–Ω–æ–≤–∞–∏—Ä–∏–Ω–∞ #–∞–Ω—Ç–æ–Ω–æ–≤—Å–∫–∏–π–¥–µ–∫–æ—Ä #–∞–Ω–æ–Ω—Å–º–∞—Å—Ç–µ—Ä–∫–ª–∞—Å—Å–∞ #–º–∞—Å—Ç–µ—Ä–∫–ª–∞—Å—Å #–º–∞—Å—Ç–µ—Ä–∫–ª–∞—Å—Å–∞–Ω—Ç–æ–Ω–æ–≤–æ–π #–º–∞—Å—Ç–µ—Ä–∫–ª–∞—Å—Å–º–æ—Å–∫–≤–∞ #–∞–≤—Ç–æ—Ä—Å–∫–∏–π–¥–µ–∫–æ—Ä–∞–Ω—Ç–æ–Ω–æ–≤–æ–π #–∞–≤—Ç–æ—Ä—Å–∫–∏–π–¥–µ–∫–æ—Ä #antonovairina #antonova_irina_decor";1555313542;122;4776935777;True;–º–∞—Å—Ç–µ—Ä–∫–ª–∞—Å—Å–∞–Ω—Ç–æ–Ω–æ–≤–æ–π
BwgaHfGIAKi;"–í –ø—è—Ç–Ω–∏—Ü—É –ø—Ä–æ—à–µ–ª –ú–ö""–ë–æ–Ω–±–æ–Ω—å–µ—Ä–∫–∞""! –ö—Ä–∞—Ç–∫–∏–π –≤–∏–¥–µ–æ-–æ—Ç—á–µ—Ç –æ –ø—Ä–æ–¥–µ–ª–∞–Ω–Ω–æ–π —Ä–∞–±–æ—Ç–µ! –î–µ–≤–æ—á–∫–∏ –º–æ–ª–æ–¥—Ü—ã, –≤—Å—ë —Å—Ç—Ä–µ—Å—Å–æ—É—Å—Ç–æ–π—á–∏–≤—ã –∏ –∏–∑–Ω–æ—Å–æ—Å—Ç–æ–π–∫–∏ üòä. –†–∞–±–æ—Ç—ã –±—ã–ª–æ –º–Ω–æ–û–û–û–æ–≥–æ, –Ω–æ –º—ã —Å–ø—Ä–∞–≤–∏–ª–∏—Å—å üéâ
–°–ø–∞—Å–∏–±–æ –í–°–ï–ú–ü–†–ò–í–°–ï–ú –∫—Ç–æ –ø—Ä–∏—Å—É—Ç—Å—Ç–≤–æ–≤–∞–ª üåπ
...
..
.
#–∞–Ω—Ç–æ–Ω–æ–≤–∞–∏—Ä–∏–Ω–∞ #antonova_irina_decor #antonovairina #–∞–≤—Ç–æ—Ä—Å–∫–∞—è—Ñ—É—Ä–Ω–∏—Ç—É—Ä–∞ #–∞–≤—Ç–æ—Ä—Å–∫–∏–π–¥–µ–∫–æ—Ä–∞–Ω—Ç–æ–Ω–æ–≤–æ–π #–º–∞—Å—Ç–µ—Ä–∫–ª–∞—Å—Å #–º–∞—Å—Ç–µ—Ä–∫–ª–∞—Å—Å–º–æ—Å–∫–≤–∞ #–±–æ–Ω–±–æ–Ω—å–µ—Ä–∫–∞ #–∫–æ–Ω—Ñ–µ—Ç–Ω–∏—Ü–∞ #–º–∞—Å—Ç–µ—Ä–∫–ª–∞—Å—Å–∞–Ω—Ç–æ–Ω–æ–≤–æ–π";1555825981;147;4776935777;True;–º–∞—Å—Ç–µ—Ä–∫–ª–∞—Å—Å–∞–Ω—Ç–æ–Ω–æ–≤–æ–π
BwrBaVcoIhG;"–ü—Ä–æ—à–ª–∏ –ú–ö –≤ –ú–æ—Å–∫–≤–µ, –ø—Ä–∏—à–ª–æ –≤—Ä–µ–º—è –¥–ª—è –æ—Ç—á—ë—Ç–æ–≤. –î–≤–∞ –ú–ö –ø–æ —è–π—Ü–∞–º —Å —á–∞—Å–∏–∫–∞–º–∏. –î–µ–ª–∞–ª–∏ –¥–æ–ª–≥–æ, —Ä–∞–±–æ—Ç—ã –º–Ω–æ–≥–æ, –Ω–æ —Å–ø—Ä–∞–≤–∏–ª–∏—Å—å! –°–ø–∞—Å–∏–±–æ –≤—Å–µ–º –∫—Ç–æ –ø—Ä–∏—Å—É—Ç—Å—Ç–≤–æ–≤–∞–ª!üåπ
–í–∏–¥–µ–æ-–æ—Ç—á–µ—Ç, –Ω–µ–±–æ–ª—å—à–æ–π —Ñ—Ä–∞–≥–º–µ–Ω—Ç, –ø—Ä–æ–¥–æ–ª–∂–µ–Ω–∏–µ —Å–ª–µ–¥—É–µ—Ç.
...
..
.
#–∞–Ω—Ç–æ–Ω–æ–≤–∞–∏—Ä–∏–Ω–∞ 
#–∞–Ω—Ç–æ–Ω–æ–≤—Å–∫–∏–π–¥–µ–∫–æ—Ä 
#antonova_irina_decor
#antonovairina
#–∞–≤—Ç–æ—Ä—Å–∫–∏–π–¥–µ–∫–æ—Ä
#–º–∞—Å—Ç–µ—Ä–∫–ª–∞—Å—Å–∞–Ω—Ç–æ–Ω–æ–≤–æ–π #–º–∞—Å—Ç–µ—Ä–∫–ª–∞—Å—Å #–º–∞—Å—Ç–µ—Ä–∫–ª–∞—Å—Å–∞–Ω—Ç–æ–Ω–æ–≤–æ–π #—è–π—Ü–æ—á–∞—Å—ã #—è–π—Ü–æ—à–∫–∞—Ç—É–ª–∫–∞ #—è–π—Ü–æ—Å–µ—Ç–∫–∞ #–º–∞—Å—Ç–µ—Ä–∫–ª–∞—Å—Å–º–æ—Å–∫–≤–∞";1556181784;118;4776935777;True;–º–∞—Å—Ç–µ—Ä–∫–ª–∞—Å—Å–∞–Ω—Ç–æ–Ω–æ–≤–æ–π
BwwEoC7IjqP;"–û—Ç—á—ë—Ç—ã-–æ—Ç—á—ë—Ç—ã! –ü—Ä–æ—à–µ–¥—à–∏–π –≤ –ú–æ—Å–∫–≤–µ –ú–ö-–ñ–∞—Ä–¥–∏–Ω—å–µ—Ä–∫–∞!üéâ
...
..
.
#–∞–Ω—Ç–æ–Ω–æ–≤–∞–∏—Ä–∏–Ω–∞ 
#–∞–Ω—Ç–æ–Ω–æ–≤—Å–∫–∏–π–¥–µ–∫–æ—Ä 
#antonova_irina_decor
#antonovairina
#–∞–≤—Ç–æ—Ä—Å–∫–∏–π–¥–µ–∫–æ—Ä
#–º–∞—Å—Ç–µ—Ä–∫–ª–∞—Å—Å–∞–Ω—Ç–æ–Ω–æ–≤–æ–π #–º–∞—Å—Ç–µ—Ä–∫–ª–∞—Å—Å #–º–∞—Å—Ç–µ—Ä–∫–ª–∞—Å—Å–º–æ—Å–∫–≤–∞ #–∂–∞—Ä–¥–∏–Ω—å–µ—Ä–∫–∞";1556351247;90;4776935777;True;–º–∞—Å—Ç–µ—Ä–∫–ª–∞—Å—Å–∞–Ω—Ç–æ–Ω–æ–≤–æ–π
Bwy2b0gIU_1;"–†–µ–∑—É–ª—å—Ç–∞—Ç –ú–ö-""–ñ—É–∫""! –°–¥–µ–ª–∞–ª–∏ –º–Ω–æ–≥–æ –∂—É–∫–æ–≤ üëçüòä
#–∞–Ω—Ç–æ–Ω–æ–≤–∞–∏—Ä–∏–Ω–∞ 
#–∞–Ω—Ç–æ–Ω–æ–≤—Å–∫–∏–π–¥–µ–∫–æ—Ä 
#antonova_irina_decor
#antonovairina
#–∞–≤—Ç–æ—Ä—Å–∫–∏–π–¥–µ–∫–æ—Ä
#–º–∞—Å—Ç–µ—Ä–∫–ª–∞—Å—Å–∞–Ω—Ç–æ–Ω–æ–≤–æ–π #–º–∞—Å—Ç–µ—Ä–∫–ª–∞—Å—Å #–º–∞—Å—Ç–µ—Ä–∫–ª–∞—Å—Å–º–æ—Å–∫–≤–∞ #–∂—É–∫ #–º–∞—Å—Ç–µ—Ä–∫–ª–∞—Å—Å–∂—É–∫";1556444540;93;4776935777;True;–º–∞—Å—Ç–µ—Ä–∫–ª–∞—Å—Å–∞–Ω—Ç–æ–Ω–æ–≤–æ–π
BxFBIAchzwA;"–°–∞–Ω–∫—Ç-–ü–µ—Ç–µ—Ä–±—É—Ä–≥, –º–∞–π:
_______________
7 –º–∞—è(–≤—Ç–æ—Ä–Ω–∏–∫): –ú–ö-""–ü—Ç–∏—Ü–∞""
–Ω–∞—á–∞–ª–æ –≤ 11:00
—Ü–µ–Ω–∞: 3200 —Ä
_______________
18 –º–∞—è (—Å—É–±–±–æ—Ç–∞): –ú–ö-—á–∞—Å—ã —è–π—Ü–æ""–°–µ—Ç–∫–∞""
–Ω–∞—á–∞–ª–æ –≤ 11:00
—Ü–µ–Ω–∞: 4800 —Ä
_______________
25 –º–∞—è (—Å—É–±–±–æ—Ç–∞): –ú–ö-""–§–ª–∞–∫–æ–Ω-–ø–æ–¥–≤–µ—Å–∫–∞""
–Ω–∞—á–∞–ª–æ –≤ 11:00
—Ü–µ–Ω–∞: 2500 —Ä
.
–ü–æ –≤—Å–µ–º –≤–æ–ø—Ä–æ—Å–∞–º, –ø–∏—à–∏—Ç–µ –≤ –¥–∏—Ä–µ–∫—Ç.
...
..
.
#–∞–Ω—Ç–æ–Ω–æ–≤–∞–∏—Ä–∏–Ω–∞ 
#–∞–Ω—Ç–æ–Ω–æ–≤—Å–∫–∏–π–¥–µ–∫–æ—Ä 
#antonova_irina_decor
#antonovairina
#–∞–≤—Ç–æ—Ä—Å–∫–∏–π–¥–µ–∫–æ—Ä
#–º–∞—Å—Ç–µ—Ä–∫–ª–∞—Å—Å–∞–Ω—Ç–æ–Ω–æ–≤–æ–π 
#—ç–≥–ª–æ–º–∏–∑–µ #–ø—Ç–∏—Ü–∞ #–ø—Ç–∏—Ü—ã–Ω–∞–∑–µ—Ä–∫–∞–ª–µ #—è–π—Ü–æ—à–∫–∞—Ç—É–ª–∫–∞ #—è–π—Ü–æ—á–∞—Å—ã #—è–π—Ü–æ—Å–µ—Ç–∫–∞ #—Ñ–ª–∞–∫–æ–Ω—á–∏–∫ #—Ñ–ª–∞–∫–æ–Ω #—Å–ª–µ–∑–Ω–∏—Ü–∞";1557054035;55;4776935777;False;–º–∞—Å—Ç–µ—Ä–∫–ª–∞—Å—Å–∞–Ω—Ç–æ–Ω–æ–≤–æ–π
BxJovG7htzO;"–î–æ—Ä–æ–≥–∏–µ –¥—Ä—É–∑—å—è! –ú–µ—Å—è—Ü –º–∞–π —Ö–æ—Ç—å –∏ –ø—Ä–∞–∑–¥–Ω–∏—á–Ω—ã–π, –ø–æ—á—Ç–∏ —Ç–µ–ø–ª—ã–π, –Ω–æ –ø–æ—Å–ª–µ–¥–Ω–∏–π –≤ —Ä–∞–±–æ—á–µ–º —Å–µ–∑–æ–Ω–µ. –û—Å—Ç–∞–Ω—É—Ç—Å—è —Ç–æ–ª—å–∫–æ –∏–Ω–¥–∏–≤–∏–¥—É–∞–ª—å–Ω—ã–µ –∑–∞–Ω—è—Ç–∏—è –ø–æ –¥–æ–≥–æ–≤–æ—Ä—ë–Ω–Ω–æ—Å—Ç–∏. –î–∞–ª–µ–µ –æ—Ç–ø—É—Å–∫ –¥–æ –æ—Å–µ–Ω–∏ üåπ
...
..
.
#–∞–Ω—Ç–æ–Ω–æ–≤–∞–∏—Ä–∏–Ω–∞ 
#–∞–Ω—Ç–æ–Ω–æ–≤—Å–∫–∏–π–¥–µ–∫–æ—Ä 
#antonova_irina_decor
#antonovairina
#–∞–≤—Ç–æ—Ä—Å–∫–∏–π–¥–µ–∫–æ—Ä
#–º–∞—Å—Ç–µ—Ä–∫–ª–∞—Å—Å–∞–Ω—Ç–æ–Ω–æ–≤–æ–π 
#–∞–Ω—Ç–æ–Ω–æ–≤–∞–±–æ–ª—Ç–∞–µ—Ç";1557209021;97;4776935777;False;–º–∞—Å—Ç–µ—Ä–∫–ª–∞—Å—Å–∞–Ω—Ç–æ–Ω–æ–≤–æ–π
BxpNdOwIafe;"–í—á–µ—Ä–∞ –ø—Ä–æ—à–µ–ª –ú–ö –ø–æ —è–π—Ü—É —Å —Å–µ—Ç–∫–æ–π –≤ –°–∞–Ω–∫—Ç-–ü–µ—Ç–µ—Ä–±—É—Ä–≥–µ! –°–ø—Ä–∞–≤–∏–ª–∏—Å—å –≤—Å—ë –±–µ–∑ –∏—Å–∫–ª—é—á–µ–Ω–∏–π! –°–ø–∞—Å–∏–±–æ –≤—Å–µ–º–ø—Ä–∏–≤—Å–µ–º –∫—Ç–æ –ø–æ—Å–µ—Ç–∏–ª —ç—Ç–æ—Ç —Å–ª–æ–∂–Ω—ã–π, –Ω–æ —Ç–æ–≥–æ —Å—Ç–æ—é—â–∏–π –ú–ö! –ò–±–æ –ø–æ–≤—Ç–æ—Ä–æ–≤ —ç—Ç–æ–≥–æ –ú–ö –≤ –¥–∞–ª—å–Ω–µ–π—à–µ–º –Ω–µ –ø—Ä–µ–¥–ø–æ–ª–∞–≥–∞–µ—Ç—Å—è, —Ç.–µ.—Å–æ–≤—Å–µ–º‚ù§Ô∏è
–ü–æ —ç—Ç–æ–º—É, –∫—Ç–æ –Ω–µ –ø–æ–ª–µ–Ω–∏–ª—Å—è, —Ç–æ—Ç –Ω–µ –æ–ø–æ–∑–¥–∞–ª ‚òùÔ∏èüòä
...
..
.
#–∞–Ω—Ç–æ–Ω–æ–≤–∞–∏—Ä–∏–Ω–∞ 
#–∞–Ω—Ç–æ–Ω–æ–≤—Å–∫–∏–π–¥–µ–∫–æ—Ä 
#antonova_irina_decor
#antonovairina
#–∞–≤—Ç–æ—Ä—Å–∫–∏–π–¥–µ–∫–æ—Ä
#—á–∞—Å—ã
#–º–∞—Å—Ç–µ—Ä–∫–ª–∞—Å—Å–∞–Ω—Ç–æ–Ω–æ–≤–æ–π #—è–π—Ü–æ—à–∫–∞—Ç—É–ª–∫–∞ #—è–π—Ü–æ—á–∞—Å—ã #—è–π—Ü–æ—Å–µ—Ç–∫–∞ #–º–∞—Å—Ç–µ—Ä–∫–ª–∞—Å—Å—Å–ø–±";1558268496;98;4776935777;True;–º–∞—Å—Ç–µ—Ä–∫–ª–∞—Å—Å–∞–Ω—Ç–æ–Ω–æ–≤–æ–π
